Date;0.25;0.5;0.75;1;2;3;5;7;10;15;20;30
2016-01-04;8.77;9.34;9.7;9.91;10.07;9.97;9.8;9.67;9.51;9.39;9.35;9.34
2016-01-05;8.63;9.23;9.6;9.81;10;9.92;9.74;9.61;9.5;9.42;9.4;9.39
2016-01-06;8.65;9.24;9.61;9.84;10.09;10.02;9.85;9.74;9.61;9.5;9.46;9.44
2016-01-11;9.67;10.29;10.55;10.64;10.52;10.42;10.35;10.26;10.06;9.95;9.93;9.92
2016-01-12;9.7;10.33;10.62;10.74;10.65;10.54;10.46;10.39;10.24;10.14;10.11;10.1
2016-01-13;9.67;10.29;10.54;10.62;10.56;10.55;10.52;10.41;10.24;10.14;10.12;10.12
2016-01-14;9.54;10.19;10.46;10.55;10.59;10.62;10.6;10.5;10.36;10.29;10.28;10.3
2016-01-15;9.42;10.1;10.42;10.58;10.7;10.73;10.72;10.67;10.56;10.49;10.48;10.49
2016-01-18;9.43;10.11;10.43;10.57;10.7;10.72;10.72;10.68;10.62;10.57;10.56;10.55
2016-01-19;9.32;10;10.33;10.48;10.6;10.61;10.57;10.53;10.5;10.47;10.46;10.45
2016-01-20;9.38;10.07;10.4;10.56;10.72;10.8;10.89;10.91;10.9;10.86;10.83;10.8
2016-01-21;9.29;9.97;10.32;10.51;10.76;10.85;10.93;10.94;10.9;10.87;10.85;10.85
2016-01-22;8.91;9.58;9.96;10.19;10.52;10.59;10.59;10.54;10.47;10.45;10.48;10.51
2016-01-25;9;9.66;10.05;10.27;10.58;10.65;10.66;10.6;10.51;10.47;10.5;10.55
2016-01-26;8.86;9.48;9.88;10.14;10.53;10.57;10.51;10.44;10.38;10.37;10.4;10.45
2016-01-27;8.96;9.58;9.92;10.11;10.36;10.4;10.36;10.28;10.2;10.19;10.21;10.25
2016-01-28;8.84;9.46;9.81;9.99;10.19;10.19;10.18;10.15;10.09;10.06;10.06;10.09
2016-01-29;8.91;9.52;9.86;10.05;10.25;10.28;10.26;10.21;10.15;10.13;10.14;10.16
2016-02-01;9.03;9.62;9.93;10.1;10.29;10.35;10.38;10.35;10.28;10.24;10.24;10.26
2016-02-02;8.95;9.49;9.83;10.05;10.37;10.46;10.5;10.45;10.36;10.31;10.31;10.35
2016-02-03;8.87;9.37;9.72;9.95;10.33;10.42;10.42;10.38;10.31;10.27;10.26;10.27
2016-02-04;8.98;9.52;9.83;10;10.19;10.24;10.26;10.22;10.13;10.09;10.09;10.11
2016-02-05;9.01;9.51;9.81;9.99;10.22;10.27;10.3;10.27;10.16;10.09;10.08;10.11
2016-02-08;8.93;9.45;9.78;9.99;10.29;10.35;10.39;10.36;10.25;10.18;10.17;10.2
2016-02-09;8.98;9.49;9.81;10.01;10.29;10.37;10.45;10.44;10.34;10.27;10.27;10.29
2016-02-10;8.93;9.5;9.83;10.02;10.25;10.29;10.33;10.3;10.18;10.12;10.12;10.17
2016-02-11;8.94;9.46;9.79;9.99;10.3;10.4;10.45;10.4;10.27;10.19;10.19;10.22
2016-02-12;9.01;9.55;9.86;10.04;10.25;10.32;10.37;10.34;10.24;10.17;10.17;10.19
2016-02-15;8.92;9.44;9.77;9.97;10.25;10.3;10.31;10.25;10.11;10.03;10.04;10.08
2016-02-16;9;9.54;9.83;9.99;10.17;10.26;10.33;10.29;10.18;10.1;10.09;10.1
2016-02-17;9.17;9.71;9.94;10.03;10.12;10.2;10.24;10.19;10.09;10.03;10.03;10.06
2016-02-18;8.94;9.47;9.75;9.9;10.06;10.1;10.08;10;9.9;9.85;9.86;9.9
2016-02-19;8.99;9.51;9.76;9.88;10.01;10.05;10.07;10.03;9.96;9.91;9.9;9.91
2016-02-20;8.82;9.33;9.63;9.81;10.03;10.03;10;9.96;9.91;9.89;9.89;9.9
2016-02-22;8.79;9.25;9.52;9.69;9.92;9.99;10.01;9.96;9.85;9.79;9.8;9.85
2016-02-24;9.23;9.68;9.84;9.9;9.93;9.98;10;9.94;9.84;9.79;9.79;9.82
2016-02-25;9.38;9.74;9.84;9.84;9.78;9.8;9.81;9.75;9.64;9.59;9.59;9.62
2016-02-26;9.4;9.71;9.77;9.75;9.67;9.69;9.71;9.67;9.57;9.5;9.49;9.52
2016-02-29;9.15;9.48;9.6;9.64;9.65;9.68;9.73;9.7;9.59;9.51;9.49;9.49
2016-03-01;9.04;9.34;9.44;9.47;9.48;9.49;9.45;9.38;9.29;9.26;9.26;9.27
2016-03-02;9.12;9.38;9.46;9.47;9.44;9.45;9.44;9.39;9.31;9.27;9.26;9.27
2016-03-03;9.05;9.28;9.35;9.37;9.35;9.36;9.36;9.34;9.28;9.23;9.22;9.22
2016-03-04;9.08;9.26;9.29;9.29;9.26;9.28;9.3;9.27;9.19;9.14;9.13;9.14
2016-03-07;9.32;9.44;9.43;9.39;9.25;9.25;9.26;9.22;9.16;9.12;9.12;9.14
2016-03-09;9.29;9.42;9.43;9.4;9.3;9.29;9.28;9.24;9.18;9.14;9.13;9.14
2016-03-10;9.37;9.46;9.45;9.42;9.34;9.32;9.33;9.32;9.26;9.2;9.17;9.17
2016-03-11;9.35;9.42;9.4;9.36;9.26;9.29;9.38;9.39;9.33;9.25;9.22;9.21
2016-03-14;9.4;9.48;9.48;9.46;9.41;9.42;9.47;9.47;9.41;9.34;9.32;9.31
2016-03-15;9.36;9.48;9.53;9.54;9.52;9.53;9.56;9.55;9.5;9.44;9.42;9.42
2016-03-16;9.38;9.5;9.53;9.53;9.49;9.48;9.46;9.43;9.4;9.38;9.38;9.39
2016-03-17;9.36;9.45;9.45;9.41;9.23;9.17;9.14;9.12;9.1;9.1;9.11;9.12
2016-03-18;9.29;9.37;9.38;9.37;9.24;9.13;9.03;9.01;8.99;8.95;8.93;8.92
2016-03-21;9.42;9.48;9.48;9.45;9.29;9.17;9.06;9.01;9.01;9;8.99;8.97
2016-03-22;9.48;9.53;9.52;9.48;9.3;9.19;9.07;9.03;9.01;8.98;8.96;8.94
2016-03-23;9.67;9.71;9.67;9.61;9.4;9.28;9.21;9.21;9.2;9.17;9.15;9.12
2016-03-24;9.66;9.7;9.68;9.63;9.46;9.35;9.27;9.25;9.25;9.23;9.22;9.2
2016-03-25;9.67;9.72;9.69;9.64;9.43;9.32;9.22;9.19;9.16;9.14;9.13;9.11
2016-03-28;9.59;9.68;9.68;9.63;9.4;9.32;9.26;9.22;9.18;9.14;9.12;9.09
2016-03-29;9.78;9.8;9.74;9.66;9.43;9.35;9.29;9.24;9.22;9.19;9.18;9.16
2016-03-30;9.77;9.8;9.75;9.67;9.39;9.27;9.17;9.13;9.08;9.05;9.04;9.03
2016-03-31;9.85;9.95;9.95;9.88;9.48;9.28;9.13;9.08;9.04;9.01;9;8.98
2016-04-01;9.76;9.9;9.91;9.84;9.47;9.3;9.19;9.15;9.11;9.06;9.03;9
2016-04-04;9.73;9.88;9.9;9.85;9.54;9.36;9.2;9.15;9.11;9.06;9.04;9.01
2016-04-05;9.91;9.99;9.93;9.83;9.5;9.37;9.27;9.23;9.2;9.16;9.14;9.11
2016-04-06;9.9;9.97;9.9;9.8;9.49;9.36;9.25;9.19;9.15;9.13;9.12;9.1
2016-04-07;9.84;9.91;9.85;9.77;9.54;9.43;9.35;9.32;9.31;9.28;9.25;9.21
2016-04-08;9.78;9.86;9.84;9.77;9.54;9.42;9.3;9.23;9.2;9.17;9.15;9.12
2016-04-11;9.8;9.82;9.75;9.66;9.47;9.38;9.26;9.19;9.15;9.13;9.12;9.11
2016-04-12;9.81;9.83;9.77;9.69;9.48;9.35;9.24;9.19;9.15;9.11;9.09;9.09
2016-04-13;9.86;9.85;9.78;9.7;9.51;9.4;9.28;9.22;9.19;9.17;9.15;9.14
2016-04-14;9.99;9.92;9.8;9.7;9.48;9.39;9.29;9.23;9.2;9.18;9.17;9.17
2016-04-15;9.93;9.9;9.83;9.75;9.53;9.4;9.27;9.22;9.2;9.19;9.17;9.16
2016-04-18;10.01;9.92;9.81;9.71;9.49;9.4;9.3;9.24;9.2;9.19;9.19;9.19
2016-04-19;9.92;9.85;9.75;9.67;9.46;9.35;9.24;9.2;9.16;9.14;9.12;9.12
2016-04-20;9.91;9.78;9.66;9.56;9.36;9.28;9.17;9.11;9.08;9.07;9.08;9.08
2016-04-21;10.01;9.82;9.67;9.58;9.43;9.36;9.23;9.16;9.13;9.11;9.1;9.1
2016-04-22;10.09;9.88;9.72;9.61;9.43;9.35;9.26;9.2;9.17;9.16;9.15;9.14
2016-04-25;10.12;9.91;9.76;9.66;9.47;9.38;9.28;9.23;9.21;9.2;9.19;9.18
2016-04-26;10.14;9.94;9.79;9.69;9.47;9.37;9.28;9.24;9.22;9.2;9.2;9.19
2016-04-27;10.19;9.94;9.77;9.66;9.47;9.37;9.26;9.2;9.17;9.16;9.16;9.16
2016-04-28;9.99;9.84;9.73;9.64;9.42;9.29;9.12;9.03;9;8.98;8.98;8.97
2016-04-29;9.89;9.78;9.68;9.6;9.39;9.24;8.99;8.86;8.82;8.78;8.75;8.71
2016-05-04;9.95;9.84;9.75;9.66;9.42;9.29;9.12;9.01;8.95;8.89;8.85;8.82
2016-05-05;9.72;9.66;9.61;9.57;9.42;9.29;9.08;8.97;8.92;8.87;8.83;8.79
2016-05-06;9.64;9.6;9.55;9.51;9.37;9.26;9.08;8.97;8.89;8.83;8.8;8.76
2016-05-10;9.63;9.61;9.59;9.56;9.42;9.28;9.09;8.99;8.92;8.85;8.8;8.75
2016-05-11;9.62;9.59;9.55;9.52;9.37;9.2;8.97;8.86;8.79;8.74;8.7;8.66
2016-05-12;9.37;9.43;9.47;9.48;9.36;9.2;8.98;8.86;8.77;8.69;8.64;8.6
2016-05-13;9.44;9.47;9.49;9.49;9.37;9.2;8.96;8.83;8.74;8.67;8.64;8.62
2016-05-16;9.43;9.46;9.47;9.46;9.35;9.19;8.97;8.85;8.74;8.65;8.61;8.57
2016-05-17;9.45;9.48;9.48;9.47;9.36;9.21;8.99;8.86;8.75;8.67;8.63;8.59
2016-05-18;9.55;9.54;9.52;9.5;9.39;9.25;9.04;8.91;8.79;8.7;8.65;8.61
2016-05-19;9.56;9.55;9.54;9.52;9.42;9.31;9.13;9;8.89;8.78;8.72;8.66
2016-05-20;9.57;9.56;9.54;9.52;9.42;9.3;9.09;8.95;8.82;8.71;8.65;8.59
2016-05-23;9.53;9.52;9.51;9.5;9.44;9.34;9.13;8.98;8.85;8.73;8.67;8.62
2016-05-24;9.59;9.55;9.52;9.5;9.41;9.31;9.11;8.97;8.83;8.71;8.66;8.6
2016-05-25;9.61;9.58;9.56;9.54;9.45;9.33;9.08;8.91;8.77;8.65;8.58;8.52
2016-05-26;9.63;9.59;9.56;9.53;9.44;9.32;9.11;8.95;8.8;8.66;8.59;8.52
2016-05-27;9.74;9.69;9.64;9.6;9.45;9.32;9.12;8.97;8.83;8.7;8.63;8.57
2016-05-30;9.87;9.75;9.66;9.6;9.48;9.36;9.13;8.97;8.83;8.73;8.69;8.65
2016-05-31;10.03;9.91;9.8;9.71;9.47;9.33;9.13;8.98;8.81;8.7;8.65;8.62
2016-06-01;10.13;10.01;9.89;9.8;9.55;9.43;9.23;9.07;8.92;8.83;8.81;8.79
2016-06-02;10.13;9.98;9.86;9.77;9.55;9.43;9.21;9.05;8.93;8.87;8.86;8.86
2016-06-03;10.23;10.05;9.91;9.79;9.49;9.36;9.15;8.98;8.82;8.73;8.71;8.7
2016-06-06;10.16;10;9.86;9.75;9.49;9.3;9.03;8.83;8.66;8.55;8.51;8.49
2016-06-07;10.08;9.97;9.86;9.77;9.47;9.28;9;8.8;8.6;8.45;8.37;8.31
2016-06-08;10.13;10;9.87;9.76;9.43;9.24;8.94;8.74;8.57;8.44;8.39;8.33
2016-06-09;10.12;9.99;9.87;9.76;9.43;9.22;8.94;8.78;8.62;8.51;8.46;8.42
2016-06-10;9.96;9.85;9.75;9.66;9.37;9.15;8.89;8.72;8.55;8.41;8.35;8.28
2016-06-14;9.97;9.87;9.78;9.69;9.39;9.18;8.96;8.83;8.67;8.54;8.47;8.42
2016-06-15;10.26;10.1;9.95;9.81;9.41;9.19;8.92;8.77;8.65;8.57;8.55;8.52
2016-06-16;10.2;10.04;9.9;9.78;9.43;9.22;8.99;8.85;8.71;8.64;8.63;8.6
2016-06-17;10.39;10.19;10.01;9.85;9.42;9.18;8.94;8.79;8.64;8.57;8.54;8.51
2016-06-20;10.3;10.1;9.93;9.78;9.33;9.08;8.82;8.68;8.56;8.48;8.45;8.42
2016-06-21;10.19;10.03;9.89;9.77;9.37;9.12;8.83;8.68;8.56;8.48;8.44;8.4
2016-06-22;10.13;9.99;9.86;9.74;9.37;9.11;8.8;8.65;8.54;8.45;8.41;8.35
2016-06-23;10.45;10.18;9.96;9.77;9.25;8.98;8.72;8.61;8.54;8.5;8.47;8.43
2016-06-24;10.5;10.24;10.02;9.83;9.32;9.05;8.79;8.69;8.62;8.58;8.55;8.52
2016-06-27;10.18;10.01;9.86;9.73;9.32;9.03;8.72;8.58;8.51;8.49;8.47;8.44
2016-06-28;10.15;9.97;9.81;9.67;9.25;8.96;8.64;8.49;8.41;8.39;8.39;8.38
2016-06-29;10.06;9.91;9.78;9.67;9.29;9;8.62;8.45;8.39;8.38;8.39;8.39
2016-06-30;10.06;9.91;9.78;9.66;9.26;8.95;8.54;8.33;8.25;8.25;8.27;8.29
2016-07-01;10.14;9.97;9.81;9.66;9.21;8.91;8.5;8.29;8.2;8.24;8.3;8.36
2016-07-04;10.11;9.95;9.81;9.67;9.22;8.93;8.54;8.33;8.22;8.24;8.3;8.39
2016-07-05;10.13;9.98;9.83;9.7;9.26;8.98;8.64;8.46;8.35;8.38;8.45;8.56
2016-07-06;10.05;9.92;9.8;9.68;9.29;9.05;8.71;8.5;8.35;8.34;8.4;8.5
2016-07-07;9.92;9.81;9.71;9.61;9.3;9.12;8.78;8.53;8.33;8.26;8.29;8.39
2016-07-08;9.89;9.79;9.69;9.61;9.33;9.12;8.77;8.54;8.36;8.34;8.41;8.53
2016-07-11;9.89;9.79;9.69;9.6;9.29;9.04;8.69;8.47;8.32;8.33;8.41;8.56
2016-07-12;9.94;9.82;9.7;9.59;9.23;8.95;8.6;8.41;8.3;8.36;8.48;8.66
2016-07-13;9.97;9.84;9.72;9.6;9.23;9;8.67;8.48;8.37;8.43;8.54;8.73
2016-07-14;10.08;9.92;9.76;9.61;9.15;8.9;8.59;8.44;8.39;8.48;8.61;8.78
2016-07-15;10.07;9.91;9.75;9.61;9.16;8.91;8.63;8.48;8.43;8.52;8.64;8.8
2016-07-18;10.09;9.92;9.76;9.61;9.16;8.91;8.65;8.54;8.51;8.62;8.74;8.89
2016-07-19;9.98;9.84;9.72;9.6;9.23;8.99;8.69;8.54;8.49;8.58;8.69;8.85
2016-07-20;9.98;9.84;9.72;9.59;9.2;8.97;8.7;8.56;8.52;8.61;8.72;8.88
2016-07-21;9.98;9.84;9.71;9.59;9.23;9.02;8.75;8.6;8.55;8.63;8.74;8.89
2016-07-22;10;9.86;9.73;9.62;9.26;9.07;8.8;8.66;8.6;8.68;8.78;8.93
2016-07-25;9.99;9.86;9.73;9.62;9.26;9.02;8.76;8.64;8.61;8.7;8.8;8.93
2016-07-26;9.96;9.83;9.71;9.6;9.26;9.07;8.81;8.68;8.66;8.74;8.85;8.99
2016-07-27;9.95;9.82;9.7;9.58;9.23;9.05;8.78;8.64;8.59;8.66;8.76;8.9
2016-07-28;9.91;9.78;9.65;9.53;9.15;8.95;8.7;8.58;8.56;8.65;8.75;8.88
2016-07-29;9.85;9.71;9.58;9.46;9.11;8.91;8.65;8.51;8.46;8.53;8.63;8.76
2016-08-01;9.82;9.7;9.59;9.48;9.17;8.96;8.67;8.49;8.41;8.45;8.54;8.67
2016-08-02;9.81;9.7;9.59;9.49;9.17;8.99;8.71;8.54;8.45;8.47;8.54;8.67
2016-08-03;9.62;9.54;9.47;9.41;9.21;9.04;8.76;8.58;8.48;8.49;8.54;8.66
2016-08-04;9.51;9.44;9.38;9.34;9.18;9.02;8.71;8.52;8.43;8.46;8.54;8.67
2016-08-05;9.46;9.39;9.33;9.28;9.13;8.97;8.66;8.45;8.36;8.38;8.45;8.59
2016-08-08;9.5;9.42;9.35;9.29;9.1;8.93;8.61;8.4;8.29;8.28;8.35;8.5
2016-08-09;9.54;9.45;9.38;9.31;9.09;8.9;8.55;8.34;8.23;8.25;8.33;8.49
2016-08-10;9.53;9.45;9.37;9.3;9.06;8.86;8.54;8.34;8.23;8.26;8.36;8.55
2016-08-11;9.54;9.46;9.39;9.32;9.07;8.86;8.54;8.35;8.23;8.25;8.36;8.55
2016-08-12;9.58;9.49;9.41;9.33;9.1;8.93;8.63;8.42;8.31;8.35;8.46;8.66
2016-08-15;9.55;9.46;9.38;9.3;9.06;8.92;8.62;8.4;8.27;8.29;8.38;8.58
2016-08-16;9.51;9.44;9.36;9.3;9.09;8.95;8.62;8.39;8.26;8.27;8.36;8.55
2016-08-17;9.55;9.46;9.38;9.3;9.08;8.95;8.67;8.45;8.3;8.29;8.37;8.58
2016-08-18;9.58;9.49;9.4;9.31;9.05;8.89;8.61;8.4;8.26;8.28;8.39;8.6
2016-08-19;9.5;9.42;9.34;9.27;9.04;8.87;8.58;8.39;8.27;8.3;8.42;8.66
2016-08-22;9.47;9.4;9.33;9.27;9.05;8.88;8.61;8.42;8.3;8.31;8.43;8.66
2016-08-23;9.52;9.44;9.35;9.28;9.03;8.86;8.57;8.38;8.25;8.26;8.37;8.61
2016-08-24;9.5;9.42;9.33;9.25;8.99;8.84;8.6;8.42;8.3;8.32;8.43;8.67
2016-08-25;9.41;9.33;9.26;9.19;8.97;8.82;8.57;8.39;8.26;8.25;8.36;8.6
2016-08-26;9.26;9.21;9.16;9.11;8.94;8.79;8.53;8.35;8.23;8.25;8.36;8.59
2016-08-29;9.25;9.2;9.15;9.1;8.93;8.79;8.54;8.37;8.24;8.25;8.35;8.6
2016-08-30;9.24;9.18;9.12;9.07;8.91;8.77;8.51;8.33;8.22;8.24;8.36;8.61
2016-08-31;9.18;9.12;9.06;9.01;8.83;8.68;8.43;8.27;8.17;8.22;8.34;8.59
2016-09-01;9.14;9.08;9.03;8.98;8.82;8.67;8.42;8.26;8.16;8.23;8.37;8.65
2016-09-02;9.21;9.13;9.05;8.99;8.77;8.61;8.37;8.22;8.12;8.21;8.38;8.68
2016-09-05;9.31;9.21;9.11;9.02;8.72;8.54;8.31;8.17;8.1;8.2;8.39;8.71
2016-09-06;9.4;9.27;9.14;9.01;8.63;8.47;8.24;8.1;8.04;8.17;8.37;8.69
2016-09-07;9.37;9.23;9.09;8.97;8.6;8.42;8.19;8.06;8.01;8.15;8.35;8.66
2016-09-08;9.45;9.28;9.13;8.98;8.56;8.36;8.1;7.97;7.94;8.11;8.32;8.61
2016-09-09;9.39;9.24;9.11;8.99;8.65;8.48;8.25;8.11;8.09;8.25;8.45;8.74
2016-09-12;9.36;9.22;9.09;8.97;8.63;8.46;8.23;8.1;8.08;8.24;8.43;8.71
2016-09-13;9.27;9.14;9.02;8.9;8.57;8.42;8.23;8.13;8.11;8.26;8.44;8.7
2016-09-14;9.23;9.1;8.97;8.86;8.52;8.36;8.21;8.15;8.14;8.29;8.46;8.7
2016-09-15;9.26;9.12;9;8.88;8.54;8.38;8.2;8.13;8.14;8.29;8.45;8.66
2016-09-16;9.49;9.34;9.19;9.06;8.69;8.52;8.35;8.27;8.25;8.39;8.53;8.71
2016-09-19;9.5;9.34;9.2;9.08;8.76;8.6;8.4;8.29;8.25;8.35;8.49;8.66
2016-09-20;9.54;9.41;9.29;9.17;8.82;8.66;8.44;8.32;8.27;8.36;8.48;8.65
2016-09-21;9.53;9.36;9.2;9.06;8.66;8.52;8.33;8.22;8.2;8.31;8.43;8.59
2016-09-22;9.65;9.44;9.25;9.08;8.63;8.46;8.27;8.17;8.16;8.26;8.36;8.48
2016-09-23;9.8;9.52;9.28;9.09;8.64;8.47;8.35;8.28;8.22;8.23;8.27;8.33
2016-09-26;9.73;9.48;9.27;9.1;8.69;8.54;8.38;8.29;8.23;8.22;8.23;8.25
2016-09-27;9.78;9.51;9.29;9.12;8.71;8.55;8.41;8.33;8.27;8.25;8.25;8.26
2016-09-28;9.73;9.45;9.24;9.07;8.67;8.52;8.37;8.3;8.24;8.21;8.21;8.21
2016-09-29;9.68;9.39;9.17;8.99;8.6;8.46;8.33;8.24;8.16;8.14;8.15;8.15
2016-09-30;9.71;9.38;9.14;8.96;8.58;8.46;8.34;8.25;8.18;8.15;8.15;8.15
2016-10-03;9.76;9.42;9.16;8.95;8.51;8.36;8.24;8.17;8.11;8.09;8.1;8.1
2016-10-04;9.74;9.43;9.18;8.98;8.53;8.38;8.26;8.19;8.13;8.11;8.11;8.11
2016-10-05;9.79;9.45;9.2;9.01;8.62;8.48;8.35;8.26;8.2;8.17;8.17;8.17
2016-10-06;9.7;9.45;9.25;9.08;8.67;8.53;8.4;8.31;8.23;8.2;8.2;8.21
2016-10-07;9.96;9.55;9.25;9.04;8.63;8.53;8.44;8.35;8.25;8.21;8.22;8.23
2016-10-10;9.74;9.44;9.21;9.04;8.66;8.57;8.48;8.39;8.29;8.26;8.27;8.28
2016-10-11;9.81;9.48;9.23;9.05;8.72;8.64;8.54;8.44;8.33;8.29;8.3;8.31
2016-10-12;9.8;9.45;9.21;9.05;8.73;8.63;8.53;8.47;8.42;8.39;8.39;8.39
2016-10-13;9.9;9.5;9.23;9.04;8.72;8.66;8.6;8.52;8.4;8.35;8.36;8.39
2016-10-14;9.92;9.53;9.24;9.04;8.67;8.6;8.55;8.49;8.4;8.36;8.37;8.38
2016-10-17;9.97;9.54;9.25;9.06;8.76;8.73;8.7;8.65;8.6;8.58;8.59;8.61
2016-10-18;9.8;9.46;9.22;9.06;8.79;8.75;8.7;8.64;8.58;8.57;8.58;8.59
2016-10-19;9.77;9.43;9.19;9.01;8.69;8.63;8.58;8.52;8.48;8.47;8.47;8.48
2016-10-20;9.8;9.44;9.19;9;8.68;8.64;8.6;8.53;8.47;8.45;8.45;8.46
2016-10-21;9.91;9.5;9.22;9.03;8.7;8.62;8.54;8.46;8.4;8.38;8.38;8.39
2016-10-24;9.85;9.44;9.16;8.97;8.64;8.6;8.55;8.48;8.42;8.4;8.41;8.42
2016-10-25;9.87;9.44;9.15;8.95;8.63;8.59;8.55;8.51;8.47;8.45;8.46;8.47
2016-10-26;9.64;9.27;9.03;8.88;8.68;8.66;8.61;8.55;8.5;8.49;8.5;8.51
2016-10-27;9.56;9.26;9.05;8.91;8.68;8.67;8.65;8.62;8.58;8.57;8.58;8.59
2016-10-28;9.61;9.27;9.05;8.91;8.73;8.72;8.7;8.65;8.61;8.6;8.62;8.64
2016-10-31;9.84;9.45;9.18;8.99;8.7;8.71;8.73;8.71;8.68;8.67;8.68;8.7
2016-11-01;9.93;9.48;9.18;8.97;8.67;8.68;8.7;8.67;8.65;8.65;8.67;8.69
2016-11-02;9.93;9.45;9.15;8.95;8.69;8.72;8.76;8.74;8.72;8.73;8.74;8.76
2016-11-03;10.03;9.54;9.22;9.01;8.71;8.7;8.71;8.68;8.66;8.67;8.68;8.71
2016-11-07;9.93;9.53;9.24;9.03;8.66;8.6;8.58;8.56;8.55;8.55;8.56;8.58
2016-11-08;9.91;9.53;9.26;9.05;8.67;8.59;8.57;8.55;8.53;8.52;8.53;8.54
2016-11-09;9.62;9.36;9.17;9.03;8.73;8.66;8.61;8.58;8.55;8.55;8.56;8.57
2016-11-10;9.68;9.34;9.12;8.97;8.76;8.74;8.74;8.72;8.72;8.74;8.75;8.74
2016-11-11;9.66;9.36;9.15;9.01;8.82;8.83;8.89;8.93;8.96;9;9.03;9.03
2016-11-14;9.31;9.17;9.06;8.98;8.82;8.84;8.89;8.92;8.93;8.95;8.97;8.98
2016-11-15;9.38;9.13;8.97;8.87;8.77;8.79;8.82;8.81;8.8;8.81;8.83;8.84
2016-11-16;9.39;9.14;8.98;8.89;8.79;8.83;8.87;8.86;8.86;8.91;8.94;8.95
2016-11-17;9.26;9.01;8.87;8.8;8.75;8.78;8.79;8.79;8.78;8.83;8.86;8.87
2016-11-18;9.25;9.06;8.94;8.87;8.76;8.77;8.78;8.76;8.77;8.83;8.87;8.88
2016-11-21;9.3;9.07;8.92;8.82;8.71;8.72;8.74;8.74;8.75;8.79;8.82;8.81
2016-11-22;9.23;9.08;8.96;8.87;8.72;8.7;8.72;8.74;8.76;8.82;8.86;8.87
2016-11-23;9.29;9.08;8.94;8.86;8.76;8.79;8.82;8.83;8.84;8.89;8.92;8.92
2016-11-24;9.27;9.09;8.97;8.88;8.75;8.77;8.82;8.84;8.85;8.88;8.9;8.91
2016-11-25;9.17;9.09;9.02;8.96;8.82;8.8;8.84;8.88;8.92;8.97;9.01;9.04
2016-11-28;9.14;9.05;8.99;8.93;8.82;8.8;8.83;8.85;8.89;8.95;8.99;9.02
2016-11-29;9.09;9.04;9;8.96;8.86;8.85;8.87;8.9;8.95;9;9.02;9.04
2016-11-30;9.1;9.04;8.99;8.95;8.85;8.84;8.85;8.86;8.87;8.93;8.98;9.02
2016-12-01;9.16;9.04;8.95;8.88;8.77;8.76;8.78;8.8;8.82;8.86;8.88;8.88
2016-12-02;9.12;9.04;8.98;8.92;8.81;8.79;8.8;8.81;8.82;8.86;8.89;8.9
2016-12-05;9.12;9.04;8.98;8.92;8.8;8.76;8.75;8.76;8.78;8.82;8.85;8.87
2016-12-06;9.13;9.01;8.92;8.86;8.73;8.7;8.71;8.72;8.73;8.76;8.78;8.79
2016-12-07;9.12;8.98;8.88;8.81;8.7;8.68;8.64;8.63;8.66;8.71;8.73;8.74
2016-12-08;9.11;8.97;8.87;8.8;8.66;8.61;8.55;8.54;8.6;8.66;8.68;8.67
2016-12-09;9.1;8.95;8.83;8.75;8.59;8.55;8.52;8.51;8.53;8.57;8.59;8.6
2016-12-12;9.07;8.91;8.78;8.68;8.46;8.41;8.42;8.45;8.49;8.53;8.54;8.56
2016-12-13;9.05;8.9;8.78;8.69;8.48;8.4;8.38;8.42;8.51;8.6;8.64;8.67
2016-12-14;8.98;8.82;8.7;8.6;8.38;8.33;8.35;8.41;8.49;8.58;8.63;8.68
2016-12-15;8.94;8.8;8.69;8.6;8.42;8.38;8.42;8.5;8.62;8.74;8.81;8.87
2016-12-16;8.72;8.64;8.58;8.53;8.4;8.37;8.41;8.48;8.58;8.7;8.76;8.82
2016-12-19;8.9;8.75;8.64;8.55;8.39;8.38;8.42;8.48;8.57;8.67;8.72;8.76
2016-12-20;8.86;8.74;8.64;8.56;8.39;8.37;8.43;8.5;8.6;8.71;8.77;8.83
2016-12-21;8.84;8.74;8.65;8.58;8.41;8.37;8.42;8.5;8.59;8.69;8.74;8.8
2016-12-22;8.88;8.75;8.64;8.55;8.37;8.36;8.41;8.47;8.55;8.65;8.72;8.79
2016-12-23;8.83;8.73;8.65;8.57;8.39;8.35;8.38;8.45;8.55;8.67;8.73;8.8
2016-12-26;8.9;8.76;8.64;8.55;8.35;8.31;8.37;8.46;8.57;8.7;8.77;8.84
2016-12-27;8.83;8.74;8.66;8.59;8.4;8.35;8.36;8.43;8.56;8.72;8.82;8.93
2016-12-28;8.63;8.6;8.57;8.54;8.42;8.35;8.31;8.35;8.45;8.62;8.74;8.87
2016-12-29;8.5;8.53;8.54;8.53;8.38;8.28;8.23;8.27;8.37;8.54;8.67;8.82
2016-12-30;8.34;8.4;8.44;8.45;8.36;8.3;8.3;8.35;8.45;8.61;8.75;8.95
2017-01-03;8.46;8.45;8.43;8.4;8.25;8.21;8.22;8.28;8.42;8.66;8.85;9.09
2017-01-04;8.41;8.43;8.43;8.39;8.18;8.14;8.19;8.29;8.44;8.69;8.88;9.12
2017-01-05;8.5;8.47;8.42;8.37;8.17;8.13;8.16;8.24;8.37;8.63;8.84;9.09
2017-01-06;8.34;8.36;8.36;8.35;8.24;8.17;8.15;8.21;8.35;8.6;8.8;9.06
2017-01-09;8.67;8.62;8.56;8.49;8.23;8.16;8.11;8.12;8.21;8.43;8.63;8.9
2017-01-10;8.46;8.42;8.39;8.36;8.21;8.09;8;8.03;8.13;8.37;8.57;8.83
2017-01-11;8.61;8.54;8.47;8.4;8.2;8.1;8.05;8.08;8.2;8.43;8.62;8.87
2017-01-12;8.64;8.55;8.46;8.38;8.13;8;7.9;7.94;8.08;8.34;8.54;8.77
2017-01-13;8.62;8.53;8.44;8.36;8.12;7.98;7.89;7.93;8.09;8.37;8.58;8.82
2017-01-16;8.57;8.48;8.4;8.33;8.13;8.03;7.96;7.99;8.13;8.4;8.61;8.87
2017-01-17;8.6;8.5;8.4;8.32;8.09;7.98;7.91;7.95;8.1;8.37;8.57;8.8
2017-01-18;8.6;8.5;8.41;8.33;8.09;7.97;7.92;7.98;8.13;8.4;8.58;8.79
2017-01-19;8.58;8.48;8.4;8.31;8.05;7.97;7.94;7.99;8.14;8.37;8.51;8.67
2017-01-20;8.78;8.62;8.48;8.36;8.04;7.93;7.9;7.98;8.19;8.52;8.75;8.99
2017-01-23;8.76;8.59;8.44;8.32;8.05;7.95;7.91;7.98;8.2;8.58;8.84;9.12
2017-01-24;8.84;8.64;8.47;8.33;8.07;7.99;7.96;8.03;8.25;8.62;8.88;9.14
2017-01-25;8.88;8.69;8.52;8.39;8.1;8.02;8.05;8.16;8.38;8.73;8.97;9.23
2017-01-26;9.07;8.93;8.8;8.66;8.26;8.13;8.1;8.18;8.37;8.68;8.88;9.11
2017-01-27;9.07;8.89;8.73;8.58;8.16;8.02;7.96;8.04;8.25;8.56;8.76;8.97
2017-01-30;9.14;8.94;8.75;8.6;8.2;8.05;8.01;8.12;8.34;8.65;8.84;9.05
2017-01-31;9.19;9.02;8.86;8.71;8.28;8.1;8.01;8.07;8.26;8.54;8.74;8.97
2017-02-01;9.31;9.09;8.89;8.71;8.21;8.03;7.98;8.07;8.27;8.57;8.77;8.98
2017-02-02;9.23;8.99;8.78;8.6;8.16;8.03;7.98;8.02;8.17;8.42;8.59;8.77
2017-02-03;9.27;9.05;8.86;8.68;8.23;8.09;8.01;8.04;8.19;8.45;8.63;8.81
2017-02-06;9.32;9.09;8.89;8.72;8.27;8.06;7.96;8.01;8.18;8.42;8.57;8.72
2017-02-07;9.34;9.1;8.9;8.73;8.3;8.14;8.07;8.13;8.28;8.46;8.56;8.67
2017-02-08;9.36;9.12;8.92;8.75;8.32;8.14;8.07;8.13;8.26;8.41;8.5;8.58
2017-02-09;9.4;9.14;8.92;8.74;8.29;8.1;8.01;8.06;8.2;8.4;8.52;8.63
2017-02-10;9.38;9.15;8.95;8.77;8.33;8.14;8.02;8.04;8.16;8.36;8.49;8.61
2017-02-13;9.43;9.19;8.98;8.8;8.33;8.11;7.98;8;8.12;8.32;8.44;8.56
2017-02-14;9.42;9.18;8.98;8.8;8.34;8.13;8.01;8.03;8.15;8.36;8.49;8.6
2017-02-15;9.57;9.3;9.06;8.87;8.4;8.23;8.12;8.12;8.19;8.34;8.45;8.55
2017-02-16;9.49;9.28;9.11;8.96;8.55;8.36;8.21;8.18;8.23;8.38;8.49;8.58
2017-02-17;9.62;9.38;9.17;9;8.56;8.37;8.24;8.22;8.28;8.39;8.47;8.53
2017-02-20;9.55;9.26;9.03;8.85;8.45;8.3;8.23;8.24;8.29;8.37;8.41;8.43
2017-02-21;9.6;9.29;9.06;8.88;8.49;8.34;8.27;8.27;8.3;8.36;8.39;8.4
2017-02-22;9.68;9.4;9.17;8.98;8.55;8.38;8.27;8.26;8.29;8.38;8.43;8.44
2017-02-24;9.53;9.26;9.05;8.88;8.53;8.41;8.31;8.27;8.31;8.42;8.47;8.48
2017-02-27;9.72;9.42;9.18;8.98;8.51;8.32;8.22;8.23;8.29;8.38;8.42;8.44
2017-02-28;9.8;9.51;9.27;9.08;8.62;8.43;8.32;8.31;8.34;8.41;8.45;8.47
2017-03-01;9.82;9.51;9.26;9.05;8.59;8.42;8.32;8.3;8.31;8.36;8.4;8.41
2017-03-02;9.67;9.45;9.26;9.1;8.68;8.48;8.33;8.29;8.31;8.37;8.4;8.41
2017-03-03;9.64;9.43;9.24;9.08;8.65;8.43;8.26;8.23;8.28;8.39;8.46;8.49
2017-03-06;9.7;9.36;9.13;8.96;8.6;8.44;8.31;8.28;8.27;8.29;8.3;8.28
2017-03-07;9.66;9.34;9.1;8.93;8.55;8.39;8.26;8.22;8.23;8.26;8.26;8.23
2017-03-09;9.68;9.44;9.24;9.06;8.58;8.35;8.2;8.19;8.24;8.33;8.38;8.4
2017-03-10;9.67;9.42;9.21;9.03;8.55;8.31;8.13;8.12;8.18;8.3;8.36;8.4
2017-03-13;9.64;9.38;9.16;8.97;8.48;8.28;8.13;8.11;8.16;8.25;8.3;8.35
2017-03-14;9.71;9.42;9.18;8.98;8.48;8.29;8.16;8.15;8.18;8.25;8.28;8.3
2017-03-15;9.69;9.44;9.22;9.03;8.5;8.24;8.07;8.06;8.13;8.25;8.31;8.37
2017-03-16;9.64;9.38;9.16;8.97;8.44;8.17;7.98;7.97;8.05;8.17;8.24;8.32
2017-03-17;9.65;9.39;9.17;8.98;8.44;8.15;7.95;7.94;8.02;8.16;8.24;8.33
2017-03-20;9.67;9.4;9.16;8.96;8.4;8.13;7.94;7.94;8.01;8.12;8.19;8.25
2017-03-21;9.62;9.38;9.17;8.98;8.46;8.18;7.97;7.96;8.02;8.12;8.19;8.25
2017-03-22;9.73;9.44;9.2;8.99;8.44;8.18;8.02;8.03;8.09;8.16;8.2;8.24
2017-03-23;9.69;9.43;9.2;9;8.43;8.17;8;8.01;8.08;8.17;8.22;8.28
2017-03-24;9.64;9.36;9.12;8.92;8.4;8.16;8;8;8.05;8.13;8.16;8.2
2017-03-27;9.7;9.41;9.16;8.94;8.35;8.11;7.97;7.97;8.01;8.07;8.11;8.14
2017-03-28;9.68;9.42;9.19;8.97;8.38;8.12;7.96;7.96;8.02;8.11;8.16;8.21
2017-03-29;9.56;9.36;9.17;8.99;8.41;8.12;7.94;7.94;8.01;8.11;8.17;8.23
2017-03-30;9.44;9.26;9.09;8.92;8.37;8.09;7.88;7.87;7.94;8.08;8.17;8.26
2017-03-31;9.53;9.3;9.1;8.92;8.4;8.15;7.94;7.91;7.98;8.12;8.22;8.32
2017-04-03;9.43;9.22;9.03;8.86;8.39;8.13;7.94;7.93;8.01;8.17;8.27;8.38
2017-04-04;9.46;9.25;9.06;8.9;8.42;8.17;7.95;7.92;7.98;8.12;8.22;8.32
2017-04-05;9.49;9.26;9.06;8.88;8.38;8.09;7.88;7.88;7.97;8.12;8.22;8.33
2017-04-06;9.46;9.24;9.04;8.87;8.36;8.09;7.86;7.84;7.92;8.06;8.16;8.26
2017-04-07;9.37;9.18;9.02;8.86;8.42;8.17;7.95;7.91;7.98;8.13;8.23;8.34
2017-04-10;9.42;9.25;9.09;8.94;8.49;8.23;8;7.96;8.02;8.17;8.27;8.38
2017-04-11;9.28;9.12;8.98;8.86;8.48;8.25;8.05;8.01;8.07;8.2;8.3;8.41
2017-04-12;9.23;9.09;8.96;8.85;8.51;8.3;8.1;8.04;8.08;8.19;8.28;8.38
2017-04-13;9.13;9.01;8.89;8.79;8.47;8.26;8.04;7.98;8;8.11;8.21;8.32
2017-04-14;9.12;9;8.89;8.78;8.46;8.25;8.03;7.96;7.99;8.11;8.2;8.32
2017-04-17;9.02;8.9;8.8;8.71;8.42;8.22;8.02;7.96;7.98;8.09;8.19;8.3
2017-04-18;9;8.9;8.8;8.72;8.44;8.24;8.04;7.98;8;8.09;8.18;8.3
2017-04-19;8.91;8.81;8.72;8.64;8.38;8.18;7.99;7.94;7.98;8.11;8.22;8.35
2017-04-20;8.75;8.65;8.56;8.48;8.22;8.05;7.88;7.84;7.88;8.02;8.14;8.29
2017-04-24;8.36;8.29;8.23;8.18;8.03;7.93;7.78;7.71;7.77;8;8.24;8.59
2017-04-25;8.46;8.39;8.33;8.28;8.11;7.96;7.77;7.71;7.79;8.07;8.34;8.73
2017-04-26;8.42;8.36;8.31;8.27;8.11;7.98;7.8;7.73;7.79;8.06;8.34;8.76
2017-04-27;8.41;8.35;8.31;8.28;8.18;8.05;7.83;7.73;7.77;8.02;8.3;8.75
2017-04-28;8.5;8.42;8.36;8.3;8.09;7.92;7.69;7.61;7.67;7.95;8.26;8.75
2017-05-02;8.58;8.49;8.41;8.33;8.08;7.89;7.66;7.57;7.62;7.92;8.25;8.77
2017-05-03;8.54;8.46;8.38;8.32;8.09;7.93;7.7;7.61;7.64;7.93;8.27;8.82
2017-05-04;8.55;8.48;8.41;8.35;8.18;8.02;7.79;7.68;7.71;8.02;8.38;8.96
2017-05-05;8.67;8.6;8.53;8.47;8.26;8.09;7.85;7.73;7.74;8.02;8.37;8.97
2017-05-10;8.56;8.48;8.42;8.37;8.18;7.98;7.71;7.59;7.64;7.94;8.31;8.96
2017-05-11;8.41;8.34;8.29;8.25;8.14;7.97;7.71;7.59;7.64;7.94;8.31;8.97
2017-05-12;8.41;8.35;8.29;8.24;8.08;7.93;7.72;7.62;7.64;7.87;8.21;8.85
2017-05-15;8.47;8.4;8.34;8.29;8.12;7.94;7.66;7.53;7.56;7.87;8.26;8.95
2017-05-16;8.45;8.38;8.33;8.29;8.14;7.97;7.7;7.58;7.6;7.88;8.25;8.93
2017-05-17;8.46;8.39;8.34;8.3;8.16;8;7.76;7.65;7.66;7.92;8.28;8.94
2017-05-18;8.46;8.39;8.33;8.29;8.15;8.01;7.77;7.65;7.65;7.88;8.21;8.87
2017-05-19;8.49;8.42;8.36;8.31;8.15;7.97;7.69;7.55;7.56;7.83;8.19;8.87
2017-05-22;8.45;8.37;8.31;8.26;8.1;7.94;7.68;7.56;7.55;7.8;8.16;8.84
2017-05-23;8.52;8.44;8.37;8.32;8.13;7.95;7.68;7.54;7.54;7.81;8.19;8.89
2017-05-24;8.51;8.43;8.36;8.31;8.16;8;7.76;7.63;7.6;7.82;8.15;8.83
2017-05-25;8.51;8.44;8.39;8.34;8.19;8.03;7.77;7.63;7.6;7.83;8.18;8.87
2017-05-26;8.54;8.47;8.41;8.36;8.18;8.04;7.81;7.69;7.67;7.89;8.21;8.88
2017-05-29;8.48;8.42;8.36;8.31;8.14;7.99;7.77;7.66;7.65;7.88;8.21;8.89
2017-05-30;8.5;8.43;8.38;8.34;8.19;8.04;7.82;7.71;7.69;7.9;8.22;8.87
2017-05-31;8.56;8.48;8.41;8.34;8.16;8.02;7.83;7.72;7.71;7.91;8.22;8.87
2017-06-01;8.47;8.4;8.34;8.29;8.09;7.93;7.71;7.61;7.61;7.84;8.19;8.87
2017-06-02;8.45;8.38;8.32;8.27;8.08;7.93;7.73;7.63;7.63;7.85;8.19;8.89
2017-06-05;8.46;8.37;8.3;8.23;8.05;7.93;7.76;7.68;7.69;7.94;8.28;8.98
2017-06-06;8.31;8.25;8.19;8.15;8.01;7.9;7.74;7.66;7.69;7.94;8.3;9
2017-06-07;8.2;8.15;8.11;8.07;7.96;7.86;7.72;7.66;7.69;7.94;8.29;8.99
2017-06-08;8.13;8.09;8.05;8.02;7.94;7.86;7.72;7.66;7.68;7.93;8.27;8.96
2017-06-09;8.14;8.1;8.06;8.03;7.92;7.83;7.7;7.65;7.67;7.9;8.23;8.9
2017-06-13;8.11;8.06;8.03;8;7.91;7.82;7.7;7.64;7.66;7.88;8.21;8.89
2017-06-14;8.07;8.03;7.99;7.96;7.87;7.8;7.7;7.67;7.71;7.93;8.25;8.92
2017-06-15;8.14;8.1;8.07;8.04;7.96;7.89;7.81;7.78;7.82;8.05;8.36;9.02
2017-06-16;8.14;8.11;8.08;8.06;8.01;7.97;7.91;7.88;7.91;8.11;8.42;9.07
2017-06-19;8.12;8.09;8.07;8.05;8.03;8;7.95;7.93;7.96;8.17;8.48;9.13
2017-06-20;8.07;8.05;8.03;8.03;8.03;8.01;7.96;7.93;7.96;8.17;8.48;9.12
2017-06-21;8.05;8.03;8.01;8;7.99;7.97;7.92;7.89;7.91;8.11;8.39;9.01
2017-06-22;7.99;7.97;7.96;7.96;7.98;7.97;7.92;7.89;7.91;8.08;8.34;8.92
2017-06-23;8;7.98;7.97;7.97;7.97;7.96;7.87;7.79;7.77;7.92;8.17;8.72
2017-06-26;7.9;7.88;7.87;7.88;7.92;7.93;7.85;7.76;7.75;7.96;8.24;8.81
2017-06-27;7.94;7.92;7.91;7.91;7.93;7.93;7.84;7.76;7.76;7.96;8.25;8.83
2017-06-28;7.92;7.9;7.89;7.89;7.93;7.93;7.85;7.78;7.79;8.02;8.32;8.92
2017-06-29;7.97;7.96;7.95;7.95;7.98;7.98;7.89;7.8;7.79;8;8.29;8.89
2017-06-30;8.11;8.09;8.07;8.06;8.01;7.96;7.85;7.78;7.78;7.98;8.25;8.82
2017-07-03;8.13;8.11;8.09;8.07;8.01;7.96;7.85;7.78;7.79;7.99;8.26;8.84
2017-07-04;8.14;8.11;8.09;8.07;8.01;7.96;7.85;7.78;7.79;7.98;8.26;8.85
2017-07-05;8.19;8.17;8.14;8.12;8.06;8.01;7.92;7.88;7.89;8.06;8.32;8.91
2017-07-06;8.22;8.19;8.17;8.15;8.1;8.06;7.98;7.93;7.93;8.07;8.32;8.89
2017-07-07;8.22;8.2;8.18;8.16;8.12;8.09;8.03;7.99;7.99;8.14;8.38;8.94
2017-07-10;8.14;8.12;8.11;8.1;8.08;8.07;7.99;7.93;7.92;8.06;8.31;8.88
2017-07-11;8.16;8.14;8.13;8.12;8.12;8.12;8.05;7.98;7.96;8.1;8.34;8.9
2017-07-12;8.14;8.12;8.11;8.1;8.11;8.09;7.99;7.91;7.9;8.06;8.31;8.84
2017-07-13;8.13;8.12;8.1;8.1;8.09;8.06;7.96;7.88;7.85;8;8.24;8.79
2017-07-14;8.13;8.11;8.1;8.08;8.05;8;7.89;7.81;7.81;7.99;8.26;8.81
2017-07-17;8.1;8.08;8.07;8.06;8.03;7.99;7.89;7.83;7.83;8.01;8.28;8.85
2017-07-18;8.1;8.08;8.06;8.05;8.02;7.99;7.89;7.82;7.84;8.05;8.34;8.92
2017-07-19;8.08;8.06;8.05;8.04;8.03;8;7.9;7.84;7.84;8.05;8.35;8.95
2017-07-20;8.11;8.1;8.08;8.07;8.04;8;7.89;7.81;7.83;8.05;8.34;8.95
2017-07-21;8.07;8.05;8.03;8.03;8.02;8.01;7.91;7.83;7.84;8.06;8.37;8.99
2017-07-24;8.07;8.05;8.05;8.05;8.09;8.09;8.02;7.94;7.92;8.11;8.39;9
2017-07-25;8.06;8.05;8.05;8.05;8.08;8.09;8.01;7.94;7.92;8.08;8.34;8.9
2017-07-26;8.02;8.01;8.01;8.02;8.07;8.06;7.97;7.89;7.9;8.08;8.35;8.92
2017-07-27;8.08;8.06;8.05;8.04;8.02;8;7.9;7.82;7.82;8;8.27;8.84
2017-07-28;8.07;8.05;8.04;8.04;8.04;8.02;7.93;7.85;7.83;7.99;8.25;8.82
2017-07-31;8.07;8.05;8.04;8.04;8.04;8.03;7.95;7.88;7.85;7.99;8.22;8.77
2017-08-01;8.05;8.04;8.02;8.02;8.03;8.03;7.97;7.9;7.88;8.01;8.24;8.78
2017-08-02;8.02;8.01;8;8;8.02;8.03;7.97;7.91;7.89;8.04;8.27;8.79
2017-08-03;8.04;8.03;8.02;8.02;8.02;8.01;7.93;7.84;7.82;7.96;8.18;8.69
2017-08-04;7.98;7.97;7.97;7.97;7.98;7.96;7.86;7.77;7.75;7.9;8.14;8.66
2017-08-07;7.97;7.95;7.94;7.94;7.95;7.94;7.86;7.78;7.78;7.95;8.2;8.75
2017-08-08;7.99;7.98;7.97;7.97;7.98;7.96;7.87;7.79;7.78;7.96;8.23;8.8
2017-08-09;7.98;7.96;7.95;7.95;7.96;7.96;7.89;7.82;7.82;8;8.27;8.84
2017-08-10;7.94;7.93;7.92;7.92;7.94;7.94;7.87;7.81;7.8;7.96;8.22;8.79
2017-08-11;7.9;7.88;7.88;7.88;7.91;7.92;7.86;7.8;7.8;7.97;8.22;8.78
2017-08-14;7.87;7.85;7.85;7.85;7.86;7.87;7.82;7.78;7.78;7.95;8.21;8.8
2017-08-15;7.84;7.83;7.83;7.83;7.86;7.88;7.85;7.81;7.79;7.95;8.22;8.79
2017-08-16;7.89;7.87;7.86;7.85;7.84;7.83;7.81;7.79;7.8;7.96;8.21;8.77
2017-08-17;7.89;7.87;7.85;7.84;7.81;7.8;7.78;7.77;7.8;7.98;8.23;8.78
2017-08-18;7.84;7.82;7.81;7.81;7.8;7.79;7.79;7.79;7.81;7.98;8.24;8.81
2017-08-21;7.87;7.85;7.84;7.83;7.79;7.78;7.77;7.77;7.82;8.02;8.28;8.87
2017-08-22;7.87;7.85;7.83;7.82;7.79;7.78;7.77;7.77;7.82;8.04;8.32;8.9
2017-08-23;7.87;7.86;7.84;7.83;7.79;7.77;7.75;7.76;7.82;8.03;8.32;8.93
2017-08-24;7.92;7.9;7.87;7.85;7.79;7.78;7.76;7.77;7.83;8.06;8.35;8.98
2017-08-25;7.86;7.84;7.82;7.81;7.78;7.77;7.76;7.77;7.83;8.07;8.38;9.04
2017-08-28;7.87;7.85;7.83;7.81;7.78;7.77;7.76;7.76;7.81;8.05;8.37;9.03
2017-08-29;7.9;7.88;7.86;7.84;7.81;7.8;7.8;7.81;7.85;8.05;8.34;8.97
2017-08-30;7.88;7.86;7.85;7.83;7.79;7.76;7.75;7.76;7.82;8.03;8.31;8.92
2017-08-31;7.88;7.86;7.84;7.82;7.77;7.73;7.7;7.7;7.76;8;8.3;8.93
2017-09-01;7.85;7.84;7.82;7.8;7.75;7.71;7.68;7.67;7.71;7.95;8.26;8.91
2017-09-04;7.86;7.84;7.82;7.8;7.73;7.69;7.65;7.65;7.71;7.93;8.23;8.88
2017-09-05;7.89;7.84;7.79;7.76;7.68;7.64;7.58;7.56;7.63;7.89;8.23;8.92
2017-09-06;7.85;7.79;7.74;7.71;7.64;7.6;7.52;7.5;7.55;7.81;8.17;8.9
2017-09-07;7.74;7.71;7.69;7.68;7.64;7.6;7.52;7.5;7.57;7.86;8.24;8.98
2017-09-08;7.74;7.71;7.69;7.68;7.64;7.59;7.52;7.5;7.56;7.83;8.19;8.95
2017-09-11;7.72;7.69;7.68;7.66;7.63;7.59;7.52;7.49;7.56;7.86;8.23;8.98
2017-09-12;7.72;7.69;7.68;7.66;7.63;7.6;7.54;7.52;7.59;7.88;8.25;8.99
2017-09-13;7.68;7.66;7.66;7.65;7.63;7.59;7.53;7.51;7.59;7.88;8.24;8.96
2017-09-14;7.69;7.67;7.65;7.65;7.62;7.59;7.53;7.52;7.6;7.89;8.24;8.97
2017-09-15;7.62;7.61;7.6;7.6;7.61;7.58;7.52;7.5;7.58;7.87;8.23;8.95
2017-09-18;7.65;7.63;7.62;7.61;7.59;7.57;7.54;7.54;7.63;7.92;8.29;9.02
2017-09-19;7.66;7.64;7.62;7.61;7.59;7.56;7.53;7.54;7.62;7.91;8.28;9.01
2017-09-20;7.65;7.63;7.61;7.6;7.56;7.53;7.5;7.51;7.6;7.9;8.28;9.02
2017-09-21;7.6;7.59;7.58;7.58;7.58;7.57;7.55;7.55;7.63;7.91;8.29;9.04
2017-09-22;7.56;7.54;7.53;7.53;7.53;7.53;7.53;7.55;7.63;7.91;8.28;9.02
2017-09-25;7.61;7.59;7.57;7.55;7.53;7.53;7.54;7.56;7.66;7.96;8.33;9.08
2017-09-26;7.67;7.65;7.63;7.61;7.6;7.6;7.59;7.61;7.7;7.96;8.31;9.02
2017-09-27;7.7;7.67;7.65;7.63;7.63;7.64;7.65;7.66;7.74;7.99;8.33;9.03
2017-09-28;7.73;7.69;7.65;7.63;7.62;7.62;7.62;7.62;7.69;7.91;8.21;8.86
2017-09-29;7.72;7.67;7.63;7.61;7.59;7.59;7.57;7.58;7.65;7.9;8.22;8.89
2017-10-02;7.69;7.64;7.6;7.58;7.58;7.59;7.6;7.61;7.69;7.95;8.29;8.98
2017-10-03;7.66;7.64;7.62;7.61;7.58;7.57;7.59;7.62;7.69;7.94;8.26;8.94
2017-10-04;7.67;7.63;7.6;7.57;7.53;7.53;7.55;7.58;7.66;7.92;8.26;8.94
2017-10-05;7.65;7.61;7.58;7.55;7.48;7.48;7.51;7.55;7.64;7.91;8.24;8.94
2017-10-06;7.74;7.67;7.6;7.56;7.48;7.48;7.51;7.55;7.65;7.93;8.26;8.96
2017-10-09;7.66;7.62;7.58;7.55;7.49;7.49;7.53;7.58;7.68;7.95;8.29;9
2017-10-10;7.7;7.64;7.58;7.53;7.43;7.43;7.48;7.53;7.64;7.92;8.28;9.02
2017-10-11;7.74;7.66;7.58;7.52;7.41;7.4;7.43;7.48;7.6;7.91;8.29;9.07
2017-10-12;7.77;7.69;7.61;7.56;7.43;7.39;7.37;7.42;7.54;7.89;8.3;9.09
2017-10-13;7.59;7.55;7.5;7.47;7.37;7.34;7.36;7.41;7.55;7.9;8.32;9.14
2017-10-16;7.6;7.54;7.49;7.45;7.38;7.37;7.4;7.46;7.59;7.92;8.33;9.13
2017-10-17;7.57;7.54;7.5;7.47;7.4;7.39;7.43;7.48;7.59;7.9;8.28;9.07
2017-10-18;7.52;7.5;7.47;7.45;7.38;7.36;7.39;7.45;7.57;7.88;8.26;9.03
2017-10-19;7.5;7.47;7.45;7.43;7.38;7.36;7.38;7.45;7.57;7.86;8.21;8.96
2017-10-20;7.5;7.48;7.46;7.44;7.39;7.37;7.41;7.47;7.6;7.89;8.25;8.99
2017-10-23;7.54;7.49;7.44;7.42;7.38;7.38;7.4;7.46;7.59;7.88;8.22;8.92
2017-10-24;7.58;7.54;7.5;7.47;7.42;7.41;7.42;7.48;7.61;7.9;8.23;8.93
2017-10-25;7.57;7.53;7.49;7.46;7.41;7.4;7.45;7.5;7.61;7.88;8.22;8.94
2017-10-26;7.62;7.56;7.51;7.47;7.41;7.41;7.46;7.51;7.63;7.89;8.21;8.91
2017-10-27;7.62;7.57;7.52;7.5;7.48;7.48;7.5;7.54;7.65;7.92;8.25;8.94
2017-10-30;7.66;7.58;7.51;7.48;7.45;7.45;7.48;7.53;7.62;7.87;8.19;8.85
2017-10-31;7.65;7.6;7.57;7.54;7.49;7.48;7.49;7.52;7.61;7.87;8.2;8.89
2017-11-01;7.57;7.53;7.5;7.48;7.45;7.45;7.49;7.53;7.62;7.87;8.2;8.9
2017-11-02;7.62;7.57;7.52;7.49;7.45;7.45;7.47;7.51;7.61;7.89;8.23;8.94
2017-11-03;7.57;7.52;7.48;7.45;7.44;7.46;7.5;7.55;7.65;7.94;8.28;9
2017-11-07;7.54;7.49;7.46;7.44;7.44;7.46;7.5;7.55;7.63;7.9;8.24;8.96
2017-11-08;7.59;7.56;7.53;7.51;7.47;7.49;7.55;7.6;7.67;7.9;8.23;8.93
2017-11-09;7.49;7.47;7.45;7.44;7.43;7.46;7.54;7.6;7.68;7.92;8.23;8.89
2017-11-10;7.51;7.49;7.48;7.47;7.47;7.49;7.55;7.6;7.69;7.92;8.23;8.87
2017-11-13;7.44;7.43;7.43;7.43;7.46;7.5;7.58;7.64;7.74;7.98;8.29;8.94
2017-11-14;7.43;7.43;7.43;7.43;7.47;7.51;7.61;7.68;7.77;8.01;8.31;8.95
2017-11-15;7.46;7.46;7.46;7.46;7.48;7.51;7.58;7.64;7.73;7.97;8.27;8.89
2017-11-16;7.37;7.38;7.38;7.39;7.43;7.47;7.57;7.64;7.71;7.93;8.22;8.83
2017-11-17;7.39;7.39;7.39;7.4;7.41;7.44;7.53;7.6;7.7;7.93;8.22;8.83
2017-11-20;7.36;7.36;7.37;7.37;7.39;7.43;7.53;7.62;7.72;7.96;8.25;8.85
2017-11-21;7.32;7.33;7.33;7.33;7.36;7.4;7.52;7.61;7.73;7.97;8.26;8.87
2017-11-22;7.31;7.32;7.32;7.33;7.36;7.4;7.48;7.56;7.68;7.94;8.24;8.86
2017-11-23;7.29;7.29;7.3;7.3;7.32;7.36;7.45;7.55;7.68;7.96;8.26;8.88
2017-11-24;7.28;7.29;7.29;7.3;7.32;7.36;7.46;7.55;7.68;7.96;8.26;8.89
2017-11-27;7.26;7.27;7.27;7.28;7.32;7.35;7.43;7.52;7.66;7.95;8.26;8.88
2017-11-28;7.2;7.21;7.22;7.23;7.28;7.33;7.42;7.5;7.65;7.94;8.26;8.89
2017-11-29;7.21;7.22;7.23;7.24;7.28;7.34;7.43;7.52;7.66;7.95;8.27;8.9
2017-11-30;7.23;7.23;7.24;7.24;7.28;7.33;7.43;7.52;7.65;7.93;8.25;8.88
2017-12-01;7.17;7.18;7.18;7.19;7.22;7.27;7.39;7.5;7.65;7.94;8.26;8.9
2017-12-04;7.17;7.17;7.18;7.18;7.22;7.28;7.4;7.52;7.67;7.97;8.3;8.93
2017-12-05;7.16;7.17;7.18;7.18;7.22;7.27;7.38;7.48;7.64;7.95;8.27;8.9
2017-12-06;7.15;7.15;7.16;7.16;7.2;7.25;7.38;7.5;7.65;7.96;8.28;8.92
2017-12-07;7.16;7.17;7.17;7.18;7.21;7.26;7.36;7.47;7.65;7.97;8.3;8.94
2017-12-08;7.12;7.13;7.14;7.15;7.19;7.24;7.35;7.46;7.64;7.97;8.31;8.96
2017-12-11;7.13;7.14;7.15;7.16;7.2;7.24;7.36;7.47;7.64;7.96;8.3;8.94
2017-12-12;7.09;7.11;7.13;7.14;7.18;7.22;7.34;7.47;7.65;7.96;8.29;8.93
2017-12-13;7.05;7.07;7.09;7.12;7.19;7.24;7.35;7.47;7.65;7.97;8.3;8.94
2017-12-14;7.08;7.1;7.11;7.13;7.18;7.22;7.34;7.47;7.65;7.97;8.3;8.95
2017-12-15;6.9;6.92;6.95;6.97;7.06;7.13;7.27;7.42;7.63;7.97;8.31;8.98
2017-12-18;6.94;6.96;6.97;6.98;7.03;7.09;7.23;7.4;7.64;8;8.35;9.03
2017-12-19;6.91;6.93;6.94;6.96;7.03;7.09;7.22;7.37;7.63;8.03;8.41;9.12
2017-12-20;6.89;6.91;6.93;6.94;7.01;7.06;7.17;7.32;7.59;8.01;8.4;9.11
2017-12-21;6.83;6.85;6.87;6.88;6.95;7.01;7.16;7.33;7.6;8.01;8.4;9.1
2017-12-22;6.78;6.8;6.82;6.83;6.91;6.99;7.15;7.34;7.63;8.07;8.49;9.24
2017-12-25;6.69;6.71;6.73;6.76;6.9;7.01;7.17;7.34;7.62;8.06;8.49;9.25
2017-12-26;6.71;6.73;6.76;6.78;6.89;7;7.16;7.34;7.63;8.08;8.51;9.27
2017-12-27;6.49;6.56;6.63;6.7;6.88;6.98;7.17;7.37;7.65;8.1;8.54;9.32
2017-12-28;6.18;6.3;6.43;6.53;6.81;6.94;7.14;7.35;7.66;8.2;8.71;9.57
2017-12-29;6.46;6.51;6.57;6.62;6.84;6.98;7.18;7.36;7.64;8.09;8.53;9.28
2018-01-03;6.16;6.27;6.38;6.49;6.79;6.93;7.15;7.35;7.63;8.06;8.49;9.25
2018-01-04;5.79;5.99;6.18;6.35;6.75;6.89;7.09;7.29;7.58;8.05;8.48;9.23
2018-01-05;6.41;6.43;6.47;6.52;6.73;6.88;7.11;7.31;7.6;8.04;8.45;9.14
2018-01-09;6.37;6.41;6.45;6.5;6.68;6.8;7.03;7.26;7.55;7.98;8.37;9.04
2018-01-10;6.39;6.45;6.52;6.58;6.75;6.84;7.04;7.26;7.56;8.02;8.42;9.09
2018-01-11;6.39;6.49;6.59;6.66;6.81;6.88;7.07;7.28;7.56;7.98;8.36;9
2018-01-12;6.54;6.59;6.64;6.67;6.75;6.82;7;7.21;7.52;7.97;8.36;9.01
2018-01-15;6.64;6.67;6.69;6.71;6.75;6.8;6.99;7.2;7.49;7.88;8.22;8.79
2018-01-16;6.62;6.64;6.67;6.7;6.79;6.85;7.03;7.23;7.51;7.9;8.24;8.81
2018-01-17;6.68;6.71;6.73;6.75;6.8;6.85;7.03;7.24;7.51;7.91;8.25;8.84
2018-01-18;6.61;6.64;6.66;6.68;6.75;6.83;7.02;7.23;7.51;7.91;8.26;8.84
2018-01-19;6.64;6.67;6.7;6.72;6.8;6.86;7.02;7.2;7.47;7.86;8.21;8.79
2018-01-22;6.64;6.67;6.7;6.72;6.79;6.85;7.02;7.22;7.51;7.92;8.27;8.86
2018-01-23;6.64;6.67;6.69;6.71;6.79;6.85;7.02;7.2;7.47;7.87;8.22;8.82
2018-01-24;6.64;6.67;6.7;6.72;6.79;6.84;7;7.18;7.45;7.83;8.17;8.75
2018-01-25;6.64;6.67;6.69;6.71;6.78;6.84;7.02;7.22;7.48;7.86;8.21;8.81
2018-01-26;6.66;6.68;6.71;6.74;6.84;6.9;7.06;7.22;7.47;7.85;8.18;8.77
2018-01-29;6.73;6.75;6.77;6.8;6.87;6.9;7.05;7.24;7.48;7.84;8.17;8.74
2018-01-30;6.68;6.7;6.72;6.74;6.79;6.83;6.99;7.17;7.42;7.78;8.11;8.69
2018-01-31;6.7;6.72;6.74;6.75;6.78;6.81;6.94;7.11;7.34;7.7;8.02;8.58
2018-02-01;6.67;6.69;6.71;6.72;6.77;6.81;6.93;7.08;7.29;7.62;7.92;8.47
2018-02-02;6.64;6.66;6.67;6.69;6.75;6.79;6.91;7.06;7.27;7.61;7.92;8.48
2018-02-05;6.66;6.68;6.7;6.72;6.79;6.82;6.91;7.04;7.24;7.56;7.86;8.4
2018-02-06;6.66;6.68;6.7;6.72;6.79;6.84;6.94;7.07;7.26;7.58;7.89;8.44
2018-02-07;6.64;6.66;6.68;6.69;6.72;6.74;6.85;6.99;7.2;7.52;7.81;8.35
2018-02-08;6.62;6.64;6.65;6.66;6.7;6.74;6.86;7;7.22;7.54;7.84;8.38
2018-02-09;6.59;6.61;6.62;6.64;6.67;6.71;6.84;7;7.23;7.57;7.88;8.46
2018-02-12;6.53;6.55;6.57;6.58;6.63;6.68;6.83;6.99;7.22;7.58;7.91;8.52
2018-02-13;6.44;6.46;6.48;6.51;6.59;6.67;6.83;7;7.25;7.63;7.99;8.62
2018-02-14;6.28;6.31;6.35;6.39;6.58;6.66;6.81;6.97;7.22;7.63;8;8.66
2018-02-15;6.28;6.31;6.34;6.37;6.5;6.6;6.77;6.95;7.22;7.64;8.03;8.7
2018-02-16;6.27;6.3;6.33;6.36;6.48;6.56;6.72;6.89;7.15;7.57;7.95;8.61
2018-02-19;6.32;6.34;6.36;6.38;6.45;6.55;6.73;6.9;7.16;7.56;7.93;8.58
2018-02-20;6.28;6.31;6.34;6.38;6.5;6.59;6.76;6.92;7.17;7.58;7.96;8.62
2018-02-21;6.23;6.26;6.29;6.33;6.45;6.53;6.7;6.87;7.14;7.56;7.94;8.61
2018-02-22;6.23;6.26;6.29;6.32;6.44;6.53;6.7;6.88;7.15;7.58;7.97;8.64
2018-02-26;6.14;6.17;6.21;6.24;6.38;6.48;6.66;6.84;7.13;7.58;7.99;8.67
2018-02-27;6.23;6.26;6.29;6.31;6.41;6.5;6.7;6.9;7.17;7.59;7.99;8.67
2018-02-28;6.14;6.18;6.22;6.26;6.4;6.49;6.67;6.86;7.13;7.56;7.95;8.61
2018-03-01;6.2;6.23;6.27;6.3;6.44;6.53;6.71;6.9;7.19;7.64;8.04;8.72
2018-03-02;6.17;6.2;6.24;6.28;6.43;6.53;6.72;6.91;7.19;7.64;8.05;8.74
2018-03-05;6.14;6.18;6.22;6.26;6.41;6.52;6.71;6.9;7.18;7.63;8.04;8.73
2018-03-06;6.16;6.2;6.24;6.27;6.41;6.51;6.7;6.89;7.18;7.64;8.05;8.73
2018-03-07;6.08;6.12;6.16;6.2;6.36;6.48;6.7;6.89;7.16;7.59;7.98;8.66
2018-03-12;6.07;6.11;6.15;6.19;6.36;6.47;6.68;6.88;7.19;7.65;8.07;8.75
2018-03-13;6.02;6.07;6.11;6.16;6.35;6.47;6.68;6.88;7.19;7.66;8.08;8.76
2018-03-14;6.04;6.08;6.13;6.18;6.36;6.48;6.71;6.91;7.21;7.67;8.07;8.74
2018-03-15;6.06;6.1;6.15;6.19;6.37;6.5;6.72;6.94;7.24;7.72;8.13;8.8
2018-03-16;6.07;6.11;6.16;6.2;6.37;6.49;6.72;6.94;7.24;7.71;8.13;8.8
2018-03-19;6.03;6.08;6.13;6.19;6.38;6.5;6.72;6.93;7.25;7.74;8.17;8.85
2018-03-20;5.99;6.04;6.08;6.13;6.3;6.42;6.66;6.88;7.2;7.69;8.11;8.79
2018-03-21;5.97;6.01;6.06;6.11;6.29;6.42;6.64;6.86;7.16;7.64;8.06;8.73
2018-03-22;5.97;6.01;6.06;6.11;6.27;6.39;6.6;6.82;7.13;7.6;8.02;8.68
2018-03-23;6.02;6.06;6.1;6.14;6.28;6.39;6.6;6.82;7.11;7.54;7.92;8.55
2018-03-26;6.06;6.09;6.13;6.17;6.31;6.42;6.63;6.85;7.14;7.58;7.96;8.58
2018-03-27;6.12;6.16;6.19;6.22;6.34;6.42;6.62;6.84;7.15;7.58;7.95;8.56
2018-03-28;6.1;6.13;6.16;6.2;6.33;6.43;6.64;6.85;7.15;7.59;7.97;8.58
2018-03-29;6.01;6.05;6.1;6.15;6.33;6.44;6.65;6.86;7.16;7.6;7.98;8.6
2018-03-30;5.99;6.03;6.07;6.12;6.27;6.39;6.61;6.83;7.14;7.6;8;8.64
2018-04-02;6;6.04;6.08;6.13;6.3;6.42;6.63;6.84;7.15;7.6;7.99;8.63
2018-04-03;6.03;6.08;6.12;6.17;6.34;6.45;6.66;6.87;7.17;7.63;8.02;8.66
2018-04-04;6.07;6.11;6.15;6.19;6.32;6.43;6.64;6.85;7.14;7.59;7.98;8.61
2018-04-05;6.15;6.19;6.22;6.25;6.36;6.46;6.63;6.83;7.13;7.56;7.93;8.53
2018-04-06;6.15;6.19;6.22;6.25;6.37;6.46;6.64;6.84;7.16;7.6;7.98;8.58
2018-04-09;6.62;6.65;6.67;6.68;6.72;6.74;6.88;7.09;7.41;7.8;8.12;8.65
2018-04-10;6.94;6.95;6.97;6.98;7.03;7.08;7.26;7.45;7.68;7.97;8.25;8.75
2018-04-11;6.73;6.78;6.84;6.9;7.07;7.11;7.21;7.35;7.59;7.9;8.19;8.68
2018-04-12;6.62;6.66;6.7;6.75;6.89;6.96;7.09;7.24;7.47;7.83;8.14;8.68
2018-04-13;6.79;6.81;6.83;6.85;6.94;7.01;7.17;7.33;7.55;7.85;8.12;8.61
2018-04-16;6.69;6.71;6.74;6.78;6.91;7;7.18;7.34;7.53;7.82;8.09;8.59
2018-04-17;6.55;6.59;6.63;6.68;6.86;6.96;7.12;7.26;7.46;7.78;8.08;8.59
2018-04-18;6.59;6.63;6.66;6.7;6.84;6.92;7.06;7.2;7.4;7.73;8.02;8.51
2018-04-19;6.55;6.59;6.63;6.67;6.81;6.89;7.01;7.15;7.36;7.68;7.98;8.46
2018-04-20;6.53;6.56;6.6;6.64;6.78;6.87;7.02;7.16;7.38;7.7;7.98;8.45
2018-04-23;6.48;6.52;6.56;6.61;6.76;6.86;7.02;7.18;7.41;7.77;8.08;8.59
2018-04-24;6.41;6.44;6.47;6.51;6.68;6.79;6.97;7.13;7.36;7.7;8;8.5
2018-04-25;6.42;6.46;6.5;6.55;6.72;6.82;7;7.16;7.39;7.74;8.05;8.56
2018-04-26;6.4;6.44;6.49;6.55;6.72;6.83;7.01;7.19;7.43;7.8;8.12;8.65
2018-04-27;6.35;6.39;6.43;6.48;6.65;6.76;6.95;7.14;7.39;7.76;8.07;8.57
2018-04-28;6.27;6.32;6.37;6.43;6.6;6.7;6.93;7.13;7.37;7.73;8.05;8.58
2018-05-03;6.44;6.49;6.53;6.57;6.69;6.79;7;7.19;7.45;7.82;8.14;8.62
2018-05-04;6.35;6.4;6.45;6.5;6.67;6.77;6.99;7.19;7.44;7.81;8.13;8.62
2018-05-07;6.28;6.34;6.39;6.45;6.62;6.75;6.97;7.17;7.46;7.88;8.22;8.74
2018-05-08;6.33;6.38;6.44;6.5;6.67;6.78;7.01;7.23;7.51;7.91;8.23;8.71
2018-05-10;6.31;6.36;6.42;6.47;6.65;6.77;6.99;7.2;7.48;7.87;8.19;8.66
2018-05-11;6.31;6.37;6.42;6.47;6.61;6.72;6.95;7.16;7.45;7.86;8.19;8.66
2018-05-14;6.37;6.43;6.48;6.53;6.68;6.8;7.03;7.24;7.53;7.93;8.24;8.69
2018-05-15;6.56;6.61;6.65;6.69;6.77;6.85;7.04;7.24;7.48;7.82;8.09;8.48
2018-05-16;6.5;6.55;6.6;6.66;6.82;6.91;7.07;7.23;7.47;7.81;8.08;8.47
2018-05-17;6.5;6.57;6.63;6.68;6.8;6.87;7.04;7.22;7.45;7.78;8.04;8.43
2018-05-18;6.46;6.53;6.61;6.66;6.82;6.91;7.09;7.26;7.49;7.83;8.11;8.5
2018-05-21;6.53;6.58;6.63;6.67;6.79;6.89;7.07;7.25;7.5;7.85;8.12;8.5
2018-05-22;6.45;6.52;6.59;6.64;6.78;6.88;7.05;7.21;7.45;7.79;8.06;8.44
2018-05-23;6.51;6.56;6.61;6.65;6.78;6.87;7.04;7.21;7.46;7.81;8.07;8.44
2018-05-24;6.55;6.59;6.63;6.67;6.77;6.85;7.01;7.18;7.43;7.75;8;8.35
2018-05-25;6.49;6.55;6.6;6.65;6.78;6.87;7.03;7.19;7.44;7.77;8.03;8.4
2018-05-28;6.52;6.57;6.62;6.66;6.78;6.86;7.03;7.19;7.42;7.73;7.97;8.32
2018-05-29;6.51;6.56;6.61;6.65;6.78;6.87;7.05;7.22;7.46;7.79;8.04;8.4
2018-05-30;6.47;6.53;6.6;6.65;6.78;6.88;7.05;7.21;7.45;7.78;8.04;8.4
2018-05-31;6.5;6.56;6.62;6.67;6.81;6.9;7.07;7.24;7.49;7.84;8.1;8.45
2018-06-01;6.5;6.56;6.62;6.66;6.79;6.87;7.04;7.21;7.46;7.8;8.07;8.43
2018-06-04;6.53;6.59;6.63;6.67;6.78;6.86;7.04;7.22;7.46;7.79;8.04;8.37
2018-06-05;6.53;6.59;6.64;6.68;6.79;6.87;7.04;7.23;7.48;7.82;8.06;8.4
2018-06-06;6.53;6.59;6.64;6.68;6.8;6.89;7.08;7.27;7.52;7.85;8.1;8.43
2018-06-07;6.66;6.69;6.72;6.74;6.82;6.9;7.11;7.32;7.57;7.86;8.07;8.37
2018-06-08;6.62;6.66;6.69;6.72;6.84;6.95;7.19;7.4;7.64;7.9;8.09;8.37
2018-06-09;6.59;6.63;6.67;6.7;6.83;6.96;7.18;7.38;7.62;7.89;8.07;8.3
2018-06-11;6.63;6.68;6.72;6.76;6.84;6.92;7.14;7.36;7.62;7.85;7.97;8.11
2018-06-13;6.6;6.64;6.69;6.72;6.85;6.97;7.23;7.46;7.7;7.92;8.04;8.15
2018-06-14;6.59;6.63;6.68;6.72;6.85;6.97;7.22;7.44;7.68;7.9;8.01;8.12
2018-06-15;6.67;6.72;6.77;6.82;6.99;7.13;7.4;7.62;7.84;8;8.06;8.11
2018-06-18;6.74;6.81;6.88;6.93;7.12;7.29;7.58;7.8;7.97;8.03;8;7.94
2018-06-19;6.88;6.94;6.99;7.04;7.23;7.4;7.65;7.81;7.93;7.99;7.98;7.91
2018-06-20;6.79;6.84;6.89;6.94;7.13;7.3;7.54;7.69;7.8;7.85;7.84;7.77
2018-06-21;6.75;6.81;6.86;6.91;7.11;7.28;7.53;7.68;7.78;7.81;7.78;7.68
2018-06-22;6.79;6.85;6.9;6.95;7.12;7.29;7.52;7.66;7.76;7.81;7.78;7.68
2018-06-25;6.76;6.82;6.87;6.93;7.13;7.29;7.52;7.65;7.76;7.81;7.78;7.68
2018-06-26;6.77;6.84;6.89;6.95;7.15;7.34;7.59;7.73;7.85;7.89;7.86;7.77
2018-06-27;6.76;6.82;6.88;6.94;7.17;7.34;7.58;7.73;7.87;7.95;7.94;7.86
2018-06-28;6.69;6.76;6.83;6.89;7.13;7.31;7.55;7.69;7.84;7.93;7.91;7.83
2018-06-29;6.62;6.7;6.77;6.83;7.06;7.25;7.51;7.67;7.81;7.88;7.87;7.81
2018-07-02;6.63;6.7;6.77;6.83;7.06;7.25;7.53;7.69;7.83;7.9;7.89;7.82
2018-07-03;6.63;6.71;6.78;6.85;7.09;7.27;7.52;7.68;7.85;7.94;7.95;7.89
2018-07-04;6.58;6.66;6.73;6.79;7.04;7.24;7.52;7.69;7.84;7.92;7.93;7.89
2018-07-05;6.6;6.67;6.73;6.8;7.02;7.21;7.47;7.64;7.8;7.91;7.93;7.9
2018-07-06;6.59;6.66;6.73;6.8;7.04;7.22;7.46;7.62;7.8;7.93;7.96;7.94
2018-07-09;6.55;6.63;6.71;6.77;6.99;7.15;7.39;7.56;7.73;7.86;7.9;7.89
2018-07-10;6.61;6.68;6.75;6.81;7.01;7.16;7.38;7.55;7.71;7.87;7.93;7.95
2018-07-11;6.61;6.68;6.74;6.8;7;7.15;7.37;7.53;7.71;7.87;7.93;7.96
2018-07-12;6.62;6.68;6.74;6.8;7;7.14;7.34;7.5;7.67;7.84;7.92;7.96
2018-07-13;6.59;6.66;6.72;6.78;7;7.14;7.34;7.49;7.65;7.82;7.9;7.94
2018-07-16;6.62;6.68;6.74;6.8;7.03;7.18;7.36;7.5;7.69;7.86;7.93;7.98
2018-07-17;6.62;6.68;6.75;6.83;7.09;7.26;7.45;7.58;7.74;7.87;7.92;7.95
2018-07-18;6.74;6.8;6.87;6.93;7.15;7.3;7.47;7.6;7.78;7.91;7.96;7.99
2018-07-19;6.82;6.86;6.92;6.97;7.17;7.31;7.5;7.65;7.83;8;8.08;8.16
2018-07-20;6.8;6.86;6.91;6.97;7.16;7.3;7.49;7.64;7.83;8;8.09;8.17
2018-07-23;6.87;6.91;6.96;7.01;7.19;7.32;7.49;7.63;7.82;8;8.09;8.17
2018-07-24;6.76;6.81;6.87;6.94;7.16;7.31;7.5;7.65;7.83;8.01;8.1;8.17
2018-07-25;6.93;6.98;7.02;7.07;7.22;7.34;7.53;7.69;7.88;8.04;8.13;8.2
2018-07-26;6.96;7;7.04;7.08;7.23;7.35;7.54;7.69;7.88;8.06;8.15;8.26
2018-07-27;6.93;6.98;7.03;7.08;7.24;7.37;7.58;7.73;7.89;8.04;8.11;8.18
2018-07-30;6.9;6.95;7;7.04;7.23;7.37;7.56;7.7;7.87;8.01;8.07;8.12
2018-07-31;6.95;6.99;7.04;7.08;7.25;7.37;7.52;7.64;7.81;7.95;8.02;8.07
2018-08-01;6.94;6.99;7.03;7.08;7.27;7.41;7.58;7.69;7.83;7.97;8.03;8.09
2018-08-02;6.94;6.99;7.05;7.11;7.34;7.51;7.69;7.81;7.93;8.03;8.07;8.09
2018-08-03;6.88;6.97;7.04;7.12;7.35;7.52;7.72;7.83;7.94;8;8.03;8.04
2018-08-06;6.88;6.97;7.05;7.13;7.39;7.58;7.77;7.86;7.96;8.03;8.05;8.07
2018-08-07;6.86;6.94;7.01;7.08;7.34;7.55;7.77;7.88;7.98;8.04;8.07;8.09
2018-08-08;7.08;7.14;7.19;7.25;7.51;7.75;7.99;8.09;8.15;8.22;8.26;8.31
2018-08-09;7.2;7.25;7.3;7.37;7.64;7.86;8.11;8.23;8.31;8.36;8.38;8.4
2018-08-10;7.13;7.22;7.31;7.39;7.71;7.96;8.22;8.33;8.38;8.42;8.43;8.45
2018-08-13;7.24;7.34;7.43;7.52;7.81;8.05;8.34;8.46;8.5;8.49;8.48;8.49
2018-08-14;7.24;7.34;7.44;7.54;7.85;8.07;8.3;8.4;8.44;8.46;8.46;8.46
2018-08-15;7.32;7.42;7.51;7.6;7.9;8.16;8.42;8.51;8.56;8.57;8.57;8.56
2018-08-16;7.2;7.32;7.43;7.54;7.91;8.17;8.43;8.55;8.61;8.63;8.63;8.63
2018-08-17;7.16;7.31;7.45;7.58;7.99;8.27;8.57;8.7;8.77;8.78;8.78;8.76
2018-08-20;7.04;7.2;7.35;7.49;7.93;8.23;8.56;8.69;8.77;8.78;8.76;8.74
2018-08-21;7.03;7.16;7.29;7.41;7.83;8.12;8.44;8.59;8.69;8.72;8.71;8.68
2018-08-22;7.01;7.14;7.28;7.41;7.85;8.12;8.44;8.6;8.71;8.74;8.73;8.71
2018-08-23;7.14;7.25;7.36;7.47;7.88;8.17;8.49;8.66;8.76;8.79;8.79;8.77
2018-08-24;7.13;7.24;7.35;7.46;7.85;8.13;8.46;8.63;8.75;8.8;8.8;8.77
2018-08-27;7.1;7.21;7.32;7.44;7.86;8.13;8.46;8.63;8.74;8.79;8.78;8.75
2018-08-28;7.09;7.2;7.31;7.42;7.85;8.14;8.48;8.65;8.76;8.8;8.79;8.76
2018-08-29;7.18;7.27;7.37;7.47;7.87;8.15;8.5;8.67;8.79;8.84;8.83;8.8
2018-08-30;7.04;7.16;7.29;7.41;7.87;8.19;8.56;8.74;8.85;8.87;8.85;8.82
2018-08-31;6.96;7.1;7.23;7.37;7.82;8.13;8.51;8.69;8.8;8.81;8.77;8.72
2018-09-03;6.93;7.05;7.17;7.29;7.75;8.08;8.49;8.68;8.8;8.82;8.8;8.75
2018-09-04;7.05;7.18;7.31;7.43;7.86;8.19;8.62;8.83;8.93;8.95;8.91;8.85
2018-09-05;7.11;7.24;7.37;7.49;7.91;8.25;8.68;8.9;9.02;9.02;8.97;8.89
2018-09-06;7.2;7.41;7.6;7.74;8.14;8.45;8.91;9.16;9.28;9.26;9.2;9.11
2018-09-07;7.27;7.5;7.7;7.85;8.27;8.56;8.98;9.19;9.29;9.25;9.17;9.06
2018-09-10;7.3;7.53;7.72;7.89;8.34;8.65;9.02;9.18;9.24;9.21;9.16;9.1
2018-09-11;7.14;7.34;7.52;7.67;8.1;8.36;8.73;8.94;9.06;9.07;9.04;9
2018-09-12;7.28;7.44;7.58;7.69;8.01;8.25;8.6;8.8;8.92;8.95;8.93;8.88
2018-09-13;7.28;7.42;7.54;7.65;7.99;8.23;8.57;8.78;8.92;8.98;8.98;8.94
2018-09-14;7.3;7.45;7.58;7.69;8.02;8.26;8.6;8.81;8.95;9.01;8.99;8.95
2018-09-17;7.25;7.44;7.61;7.74;8.07;8.31;8.67;8.88;8.98;8.99;8.96;8.89
2018-09-18;7.31;7.44;7.57;7.67;7.99;8.23;8.58;8.79;8.94;8.99;8.97;8.91
2018-09-19;7.34;7.44;7.53;7.62;7.9;8.12;8.46;8.68;8.84;8.89;8.86;8.81
2018-09-20;7.24;7.35;7.46;7.56;7.89;8.13;8.48;8.69;8.83;8.83;8.78;8.72
2018-09-21;7.24;7.35;7.45;7.55;7.88;8.13;8.45;8.65;8.81;8.86;8.81;8.72
2018-09-24;7.12;7.26;7.39;7.52;7.9;8.12;8.4;8.57;8.71;8.72;8.66;8.53
2018-09-25;7.09;7.21;7.33;7.45;7.84;8.09;8.42;8.61;8.75;8.76;8.7;8.59
2018-09-26;7.06;7.18;7.3;7.41;7.81;8.08;8.43;8.63;8.77;8.78;8.72;8.62
2018-09-27;7.03;7.13;7.23;7.34;7.73;8.01;8.35;8.54;8.68;8.72;8.68;8.58
2018-09-28;7.02;7.1;7.19;7.27;7.65;7.98;8.36;8.55;8.69;8.73;8.7;8.62
2018-10-01;7.09;7.17;7.25;7.33;7.69;7.98;8.32;8.47;8.6;8.65;8.62;8.55
2018-10-02;7.12;7.2;7.28;7.37;7.7;7.98;8.31;8.47;8.59;8.62;8.58;8.49
2018-10-03;7.09;7.19;7.28;7.37;7.72;8.01;8.35;8.52;8.64;8.67;8.63;8.54
2018-10-04;7.12;7.26;7.39;7.5;7.87;8.15;8.51;8.71;8.83;8.85;8.8;8.71
2018-10-05;7.1;7.25;7.38;7.5;7.86;8.15;8.53;8.73;8.86;8.87;8.82;8.73
2018-10-08;7.12;7.29;7.44;7.57;7.97;8.24;8.63;8.85;8.98;8.98;8.92;8.83
2018-10-09;7.09;7.24;7.39;7.52;7.95;8.24;8.62;8.84;8.98;9.01;8.97;8.9
2018-10-10;7.05;7.21;7.36;7.5;7.92;8.23;8.64;8.86;8.98;8.99;8.94;8.86
2018-10-11;7.08;7.24;7.38;7.52;7.96;8.27;8.66;8.88;9.02;9.04;8.98;8.89
2018-10-12;7.05;7.21;7.36;7.5;7.95;8.24;8.6;8.79;8.91;8.9;8.85;8.77
2018-10-15;7.11;7.24;7.36;7.47;7.86;8.15;8.5;8.67;8.77;8.76;8.71;8.62
2018-10-16;7.13;7.26;7.38;7.5;7.9;8.17;8.45;8.58;8.67;8.65;8.58;8.49
2018-10-17;7.07;7.22;7.36;7.49;7.92;8.2;8.48;8.59;8.66;8.63;8.58;8.5
2018-10-18;7.14;7.28;7.4;7.52;7.92;8.21;8.52;8.65;8.71;8.69;8.64;8.57
2018-10-19;7.15;7.29;7.42;7.55;7.94;8.22;8.5;8.62;8.68;8.65;8.6;8.54
2018-10-22;7.21;7.36;7.49;7.6;7.94;8.17;8.42;8.53;8.6;8.59;8.56;8.5
2018-10-23;7.32;7.43;7.53;7.63;7.97;8.22;8.46;8.57;8.64;8.63;8.59;8.54
2018-10-24;7.42;7.51;7.59;7.66;7.96;8.2;8.47;8.59;8.67;8.7;8.69;8.66
2018-10-25;7.42;7.52;7.62;7.71;8.03;8.25;8.5;8.62;8.7;8.72;8.7;8.67
2018-10-26;7.42;7.53;7.63;7.72;8.02;8.23;8.5;8.65;8.74;8.76;8.75;8.73
2018-10-29;7.44;7.54;7.64;7.73;8.02;8.21;8.46;8.6;8.7;8.73;8.72;8.7
2018-10-30;7.4;7.51;7.62;7.72;8.04;8.25;8.48;8.6;8.7;8.73;8.73;8.71
2018-10-31;7.4;7.52;7.62;7.72;8.04;8.25;8.49;8.61;8.68;8.7;8.69;8.68
2018-11-01;7.38;7.5;7.61;7.71;8.05;8.26;8.5;8.61;8.69;8.71;8.71;8.7
2018-11-02;7.35;7.48;7.59;7.7;8.03;8.25;8.49;8.6;8.67;8.7;8.7;8.69
2018-11-06;7.41;7.52;7.63;7.73;8.05;8.26;8.5;8.63;8.71;8.74;8.74;8.74
2018-11-07;7.44;7.55;7.66;7.75;8.07;8.29;8.57;8.72;8.8;8.85;8.86;8.87
2018-11-08;7.43;7.55;7.67;7.78;8.14;8.39;8.68;8.82;8.91;8.94;8.95;8.95
2018-11-09;7.43;7.56;7.67;7.78;8.14;8.44;8.81;8.97;9.04;9.06;9.07;9.07
2018-11-12;7.41;7.55;7.67;7.78;8.14;8.44;8.84;9.02;9.1;9.12;9.12;9.1
2018-11-13;7.44;7.57;7.69;7.8;8.17;8.49;8.9;9.08;9.14;9.14;9.12;9.09
2018-11-14;7.32;7.44;7.56;7.68;8.07;8.32;8.57;8.7;8.81;8.84;8.82;8.76
2018-11-15;7.31;7.42;7.53;7.63;7.97;8.21;8.5;8.66;8.8;8.88;8.89;8.86
2018-11-16;7.31;7.42;7.53;7.63;7.98;8.23;8.51;8.66;8.78;8.85;8.86;8.86
2018-11-19;7.3;7.42;7.53;7.64;7.98;8.23;8.53;8.68;8.8;8.86;8.88;8.87
2018-11-20;7.28;7.41;7.53;7.64;8.01;8.29;8.61;8.77;8.87;8.92;8.94;8.95
2018-11-21;7.37;7.48;7.59;7.69;8.05;8.29;8.58;8.72;8.83;8.88;8.88;8.89
2018-11-22;7.41;7.51;7.61;7.7;8.02;8.26;8.55;8.7;8.83;8.89;8.91;8.91
2018-11-23;7.37;7.48;7.59;7.69;8.04;8.31;8.65;8.81;8.93;9;9.02;9.02
2018-11-26;7.37;7.5;7.61;7.73;8.11;8.37;8.72;8.91;9.04;9.11;9.13;9.15
2018-11-27;7.39;7.5;7.6;7.7;8.04;8.29;8.62;8.82;8.98;9.07;9.09;9.09
2018-11-28;7.41;7.52;7.62;7.71;8.03;8.27;8.61;8.81;8.96;9.04;9.07;9.08
2018-11-29;7.38;7.48;7.57;7.65;7.96;8.2;8.52;8.69;8.82;8.9;8.92;8.93
2018-11-30;7.55;7.63;7.7;7.77;8.01;8.2;8.49;8.68;8.83;8.91;8.93;8.94
2018-12-03;7.49;7.58;7.66;7.74;8.01;8.2;8.44;8.59;8.72;8.8;8.82;8.82
2018-12-04;7.48;7.59;7.69;7.78;8.03;8.24;8.51;8.66;8.76;8.8;8.8;8.79
2018-12-05;7.51;7.61;7.71;7.79;8.06;8.26;8.54;8.7;8.83;8.89;8.91;8.9
2018-12-06;7.47;7.57;7.66;7.75;8.04;8.26;8.54;8.7;8.82;8.88;8.88;8.87
2018-12-07;7.49;7.59;7.68;7.76;8.03;8.22;8.49;8.64;8.76;8.82;8.84;8.84
2018-12-10;7.53;7.62;7.72;7.8;8.08;8.27;8.51;8.66;8.78;8.84;8.84;8.84
2018-12-11;7.51;7.63;7.74;7.84;8.14;8.32;8.53;8.66;8.75;8.79;8.79;8.79
2018-12-12;7.47;7.58;7.69;7.78;8.09;8.3;8.53;8.65;8.74;8.79;8.81;8.81
2018-12-13;7.56;7.68;7.78;7.87;8.14;8.33;8.58;8.7;8.79;8.83;8.84;8.85
2018-12-14;7.62;7.72;7.81;7.9;8.17;8.36;8.58;8.7;8.8;8.86;8.88;8.89
2018-12-17;7.62;7.73;7.82;7.91;8.17;8.36;8.61;8.74;8.83;8.88;8.9;8.92
2018-12-18;7.66;7.75;7.84;7.91;8.15;8.34;8.61;8.77;8.89;8.96;8.99;9.01
2018-12-19;7.64;7.74;7.84;7.91;8.16;8.35;8.61;8.76;8.88;8.96;8.99;9.02
2018-12-20;7.64;7.75;7.84;7.92;8.16;8.34;8.58;8.72;8.81;8.87;8.89;8.91
2018-12-21;7.68;7.76;7.83;7.89;8.08;8.28;8.56;8.73;8.84;8.9;8.92;8.94
2018-12-24;7.59;7.67;7.74;7.79;8.01;8.24;8.56;8.73;8.83;8.89;8.92;8.97
2018-12-25;7.46;7.55;7.64;7.72;8.01;8.25;8.57;8.74;8.87;8.95;8.99;9.04
2018-12-26;7.2;7.33;7.45;7.57;7.97;8.25;8.58;8.75;8.86;8.95;8.99;9.04
2018-12-27;7.34;7.43;7.52;7.61;7.94;8.22;8.55;8.7;8.82;8.89;8.93;8.97
2018-12-28;7.18;7.27;7.37;7.48;7.89;8.18;8.53;8.69;8.81;8.89;8.92;8.95
2018-12-29;7.12;7.23;7.33;7.45;7.86;8.16;8.51;8.67;8.78;8.84;8.86;8.88
2019-01-03;6.96;7.1;7.23;7.36;7.82;8.14;8.5;8.67;8.77;8.83;8.84;8.84
2019-01-04;7.03;7.13;7.23;7.36;7.82;8.12;8.48;8.66;8.78;8.85;8.86;8.86
2019-01-08;7.18;7.26;7.34;7.43;7.79;8.06;8.41;8.61;8.78;8.93;8.99;9.02
2019-01-09;7.41;7.48;7.54;7.61;7.86;8.05;8.3;8.44;8.57;8.65;8.65;8.63
2019-01-10;7.45;7.49;7.54;7.6;7.86;8.05;8.28;8.41;8.52;8.59;8.6;8.58
2019-01-11;7.5;7.53;7.56;7.6;7.82;8.01;8.24;8.36;8.46;8.54;8.55;8.53
2019-01-14;7.43;7.47;7.51;7.57;7.81;8;8.24;8.37;8.49;8.59;8.61;8.6
2019-01-15;7.35;7.4;7.45;7.52;7.79;7.96;8.18;8.3;8.41;8.49;8.5;8.48
2019-01-16;7.34;7.36;7.41;7.47;7.76;7.94;8.15;8.27;8.36;8.43;8.44;8.41
2019-01-17;7.35;7.4;7.46;7.52;7.79;7.97;8.19;8.31;8.41;8.47;8.47;8.44
2019-01-18;7.39;7.43;7.47;7.52;7.76;7.94;8.16;8.29;8.39;8.43;8.43;8.39
2019-01-21;7.42;7.46;7.51;7.57;7.8;7.96;8.16;8.27;8.37;8.42;8.41;8.37
2019-01-22;7.44;7.48;7.52;7.58;7.82;7.98;8.18;8.3;8.4;8.45;8.44;8.4
2019-01-23;7.41;7.47;7.52;7.59;7.83;7.99;8.2;8.32;8.42;8.46;8.44;8.4
2019-01-24;7.44;7.5;7.57;7.63;7.85;7.98;8.15;8.26;8.35;8.39;8.38;8.34
2019-01-25;7.51;7.56;7.62;7.67;7.85;7.99;8.18;8.3;8.39;8.41;8.39;8.33
2019-01-28;7.5;7.55;7.6;7.66;7.85;8;8.19;8.32;8.41;8.45;8.43;8.38
2019-01-29;7.71;7.71;7.71;7.73;7.86;7.99;8.17;8.3;8.41;8.47;8.47;8.42
2019-01-30;7.57;7.61;7.65;7.69;7.85;7.97;8.15;8.27;8.38;8.46;8.48;8.46
2019-01-31;7.62;7.63;7.65;7.68;7.78;7.86;8;8.11;8.21;8.29;8.31;8.3
2019-02-01;7.65;7.67;7.69;7.71;7.79;7.86;8;8.12;8.23;8.33;8.36;8.38
2019-02-04;7.68;7.7;7.72;7.74;7.81;7.88;8.01;8.12;8.24;8.36;8.41;8.44
2019-02-05;7.64;7.67;7.69;7.71;7.8;7.86;7.97;8.08;8.21;8.33;8.39;8.41
2019-02-06;7.62;7.66;7.68;7.7;7.77;7.85;8;8.11;8.24;8.38;8.46;8.52
2019-02-07;7.61;7.65;7.68;7.71;7.8;7.89;8.03;8.14;8.27;8.42;8.5;8.57
2019-02-08;7.65;7.66;7.68;7.7;7.79;7.87;8.01;8.12;8.26;8.41;8.5;8.59
2019-02-11;7.63;7.65;7.68;7.7;7.79;7.88;8.03;8.15;8.29;8.44;8.53;8.63
2019-02-12;7.65;7.67;7.7;7.72;7.79;7.88;8.04;8.17;8.31;8.47;8.58;8.69
2019-02-13;7.65;7.67;7.69;7.71;7.8;7.9;8.09;8.23;8.37;8.54;8.65;8.77
2019-02-14;7.79;7.79;7.79;7.79;7.88;8.02;8.23;8.37;8.51;8.68;8.78;8.88
2019-02-15;7.8;7.78;7.76;7.76;7.86;7.97;8.15;8.28;8.42;8.58;8.67;8.76
2019-02-18;7.69;7.68;7.68;7.69;7.81;7.93;8.12;8.26;8.42;8.59;8.7;8.81
2019-02-19;7.59;7.61;7.64;7.67;7.83;7.98;8.18;8.31;8.47;8.66;8.79;8.91
2019-02-20;7.49;7.53;7.57;7.62;7.82;7.97;8.16;8.3;8.47;8.67;8.8;8.92
2019-02-21;7.52;7.53;7.56;7.6;7.78;7.93;8.14;8.28;8.45;8.64;8.76;8.88
2019-02-22;7.56;7.55;7.56;7.58;7.76;7.92;8.15;8.29;8.45;8.63;8.75;8.86
2019-02-25;7.54;7.54;7.55;7.58;7.74;7.88;8.08;8.23;8.4;8.59;8.7;8.81
2019-02-26;7.55;7.55;7.56;7.58;7.75;7.92;8.15;8.29;8.43;8.62;8.74;8.85
2019-02-27;7.37;7.41;7.46;7.52;7.74;7.93;8.19;8.35;8.51;8.7;8.81;8.91
2019-02-28;7.31;7.37;7.43;7.49;7.73;7.92;8.15;8.29;8.42;8.57;8.63;8.66
2019-03-01;7.16;7.24;7.31;7.38;7.66;7.88;8.14;8.29;8.43;8.52;8.54;8.53
2019-03-04;7.09;7.16;7.24;7.32;7.62;7.86;8.15;8.31;8.45;8.53;8.55;8.56
2019-03-05;7.12;7.2;7.29;7.37;7.65;7.87;8.15;8.3;8.45;8.56;8.59;8.6
2019-03-06;7.06;7.14;7.23;7.31;7.64;7.89;8.19;8.35;8.48;8.58;8.63;8.65
2019-03-07;7.14;7.2;7.27;7.35;7.65;7.88;8.16;8.33;8.48;8.6;8.65;8.67
2019-03-11;7.15;7.21;7.28;7.35;7.64;7.88;8.17;8.33;8.47;8.57;8.61;8.64
2019-03-12;7.15;7.21;7.28;7.35;7.64;7.86;8.13;8.29;8.44;8.56;8.61;8.63
2019-03-13;7.21;7.25;7.3;7.36;7.64;7.86;8.13;8.29;8.45;8.58;8.63;8.67
2019-03-14;7.22;7.27;7.32;7.38;7.65;7.86;8.12;8.28;8.45;8.6;8.67;8.72
2019-03-15;7.1;7.18;7.27;7.35;7.66;7.87;8.12;8.26;8.43;8.57;8.63;8.66
2019-03-18;7.12;7.21;7.29;7.37;7.63;7.82;8.05;8.19;8.34;8.46;8.51;8.54
2019-03-19;7.14;7.22;7.3;7.37;7.64;7.82;8.04;8.17;8.32;8.46;8.54;8.59
2019-03-20;7.13;7.22;7.3;7.38;7.64;7.82;8.03;8.15;8.3;8.44;8.51;8.57
2019-03-21;7.26;7.31;7.37;7.43;7.64;7.79;7.96;8.06;8.21;8.37;8.45;8.51
2019-03-22;7.12;7.2;7.28;7.35;7.63;7.82;8.03;8.16;8.3;8.43;8.5;8.55
2019-03-25;7.3;7.36;7.41;7.46;7.65;7.78;7.93;8.05;8.2;8.35;8.43;8.49
2019-03-26;7.32;7.37;7.42;7.48;7.67;7.81;7.97;8.08;8.23;8.39;8.48;8.55
2019-03-27;7.33;7.39;7.44;7.5;7.7;7.84;8.01;8.13;8.3;8.47;8.56;8.64
2019-03-28;7.43;7.47;7.52;7.57;7.75;7.89;8.05;8.18;8.35;8.54;8.65;8.75
2019-03-29;7.35;7.4;7.46;7.52;7.75;7.92;8.11;8.24;8.41;8.62;8.73;8.85
2019-04-01;7.41;7.46;7.5;7.55;7.75;7.91;8.1;8.23;8.39;8.59;8.71;8.82
2019-04-02;7.4;7.45;7.5;7.55;7.76;7.93;8.11;8.24;8.4;8.58;8.68;8.78
2019-04-03;7.45;7.5;7.54;7.59;7.77;7.92;8.1;8.23;8.4;8.58;8.67;8.76
2019-04-04;7.57;7.6;7.63;7.66;7.78;7.91;8.1;8.25;8.42;8.59;8.69;8.8
2019-04-05;7.62;7.63;7.64;7.66;7.76;7.88;8.07;8.21;8.38;8.55;8.66;8.77
2019-04-08;7.59;7.59;7.6;7.62;7.72;7.85;8.04;8.18;8.34;8.53;8.65;8.78
2019-04-09;7.57;7.58;7.59;7.61;7.71;7.83;8.02;8.17;8.34;8.54;8.66;8.81
2019-04-10;7.52;7.54;7.55;7.58;7.7;7.82;7.99;8.11;8.27;8.47;8.59;8.74
2019-04-11;7.53;7.55;7.57;7.59;7.71;7.82;7.97;8.08;8.24;8.44;8.57;8.72
2019-04-12;7.58;7.6;7.62;7.64;7.74;7.83;7.96;8.07;8.24;8.47;8.61;8.77
2019-04-15;7.51;7.53;7.56;7.59;7.71;7.83;8;8.13;8.3;8.53;8.68;8.87
2019-04-16;7.59;7.59;7.6;7.61;7.69;7.79;7.97;8.11;8.3;8.53;8.69;8.88
2019-04-17;7.61;7.61;7.61;7.62;7.71;7.81;7.98;8.13;8.32;8.58;8.76;8.99
2019-04-18;7.58;7.59;7.61;7.62;7.72;7.82;7.98;8.12;8.33;8.6;8.8;9.04
2019-04-19;7.56;7.57;7.57;7.59;7.69;7.81;7.98;8.13;8.33;8.61;8.81;9.05
2019-04-22;7.65;7.65;7.65;7.65;7.71;7.81;7.98;8.13;8.33;8.61;8.81;9.07
2019-04-23;7.61;7.62;7.63;7.64;7.73;7.83;8;8.16;8.37;8.66;8.86;9.12
2019-04-24;7.56;7.58;7.6;7.62;7.74;7.85;8.01;8.14;8.34;8.62;8.83;9.07
2019-04-25;7.57;7.58;7.6;7.62;7.74;7.86;8.03;8.17;8.37;8.66;8.86;9.11
2019-04-26;7.46;7.49;7.52;7.56;7.71;7.84;8;8.12;8.32;8.61;8.82;9.07
2019-04-29;7.38;7.41;7.45;7.49;7.66;7.79;7.94;8.06;8.26;8.53;8.73;8.97
2019-04-30;7.32;7.36;7.41;7.46;7.64;7.77;7.92;8.04;8.23;8.5;8.69;8.91
2019-05-02;7.24;7.28;7.33;7.38;7.59;7.74;7.93;8.06;8.25;8.51;8.68;8.88
2019-05-03;7.23;7.28;7.33;7.39;7.61;7.77;7.93;8.05;8.24;8.5;8.67;8.86
2019-05-06;7.31;7.35;7.4;7.45;7.63;7.77;7.95;8.09;8.27;8.48;8.61;8.75
2019-05-07;7.21;7.27;7.33;7.39;7.62;7.78;7.97;8.09;8.26;8.44;8.55;8.65
2019-05-08;7.23;7.29;7.35;7.41;7.61;7.76;7.93;8.06;8.23;8.41;8.5;8.58
2019-05-10;7.22;7.29;7.36;7.42;7.64;7.79;7.98;8.12;8.28;8.45;8.55;8.63
2019-05-13;7.25;7.31;7.36;7.42;7.62;7.76;7.96;8.1;8.28;8.46;8.57;8.66
2019-05-14;7.24;7.29;7.35;7.4;7.6;7.75;7.95;8.09;8.28;8.47;8.59;8.69
2019-05-15;7.18;7.24;7.3;7.36;7.57;7.71;7.91;8.06;8.26;8.48;8.59;8.69
2019-05-16;7.12;7.18;7.24;7.3;7.52;7.68;7.89;8.04;8.21;8.39;8.49;8.57
2019-05-17;6.92;7.01;7.09;7.16;7.43;7.64;7.88;8.02;8.17;8.32;8.4;8.46
2019-05-20;6.89;6.99;7.07;7.15;7.41;7.61;7.85;7.99;8.13;8.25;8.31;8.36
2019-05-21;6.94;7.03;7.11;7.18;7.42;7.6;7.81;7.92;8.05;8.19;8.26;8.32
2019-05-22;7;7.07;7.13;7.18;7.37;7.51;7.71;7.84;7.98;8.13;8.21;8.28
2019-05-23;7.06;7.12;7.18;7.23;7.42;7.58;7.78;7.9;8.05;8.19;8.27;8.33
2019-05-24;7.07;7.12;7.18;7.23;7.41;7.56;7.76;7.89;8.04;8.2;8.27;8.34
2019-05-27;7.13;7.17;7.22;7.26;7.42;7.56;7.76;7.89;8.03;8.17;8.25;8.32
2019-05-28;7.11;7.16;7.21;7.26;7.42;7.56;7.75;7.88;8.03;8.18;8.27;8.35
2019-05-29;7.3;7.33;7.35;7.37;7.46;7.58;7.77;7.91;8.07;8.24;8.35;8.45
2019-05-30;7.25;7.28;7.3;7.33;7.44;7.55;7.71;7.84;8;8.17;8.29;8.41
2019-05-31;7.3;7.32;7.34;7.35;7.41;7.52;7.71;7.84;7.99;8.18;8.3;8.44
2019-06-03;7.3;7.32;7.34;7.37;7.46;7.56;7.73;7.86;8.01;8.2;8.32;8.46
2019-06-04;7.35;7.36;7.38;7.39;7.45;7.53;7.7;7.82;7.94;8.11;8.23;8.37
2019-06-05;7.34;7.36;7.37;7.38;7.4;7.48;7.63;7.75;7.9;8.07;8.18;8.31
2019-06-06;7.35;7.36;7.37;7.37;7.39;7.46;7.58;7.69;7.82;8;8.13;8.27
2019-06-07;7.33;7.33;7.34;7.34;7.37;7.43;7.57;7.68;7.79;7.96;8.08;8.22
2019-06-10;7.3;7.31;7.32;7.33;7.36;7.41;7.53;7.64;7.75;7.91;8.03;8.17
2019-06-11;7.31;7.32;7.32;7.33;7.36;7.41;7.52;7.62;7.73;7.89;8;8.12
2019-06-13;7.26;7.27;7.29;7.3;7.34;7.41;7.54;7.65;7.77;7.92;8.03;8.16
2019-06-14;7.22;7.24;7.25;7.26;7.3;7.37;7.5;7.61;7.73;7.87;7.97;8.08
2019-06-17;7.12;7.14;7.15;7.17;7.25;7.34;7.49;7.59;7.69;7.81;7.9;8
2019-06-18;7.04;7.07;7.1;7.12;7.23;7.31;7.44;7.53;7.62;7.72;7.78;7.83
2019-06-19;7.08;7.07;7.07;7.09;7.19;7.27;7.36;7.43;7.52;7.62;7.68;7.75
2019-06-20;7;7.02;7.03;7.05;7.14;7.19;7.29;7.37;7.44;7.54;7.6;7.67
2019-06-21;7;7.02;7.04;7.07;7.16;7.24;7.37;7.45;7.53;7.62;7.69;7.76
2019-06-24;6.99;7;7.03;7.05;7.16;7.23;7.32;7.39;7.49;7.59;7.65;7.7
2019-06-25;7.03;7.03;7.04;7.06;7.15;7.22;7.33;7.41;7.5;7.6;7.65;7.71
2019-06-26;6.99;7.01;7.04;7.07;7.2;7.27;7.36;7.42;7.51;7.6;7.65;7.71
2019-06-27;6.96;7;7.03;7.06;7.17;7.25;7.36;7.43;7.5;7.58;7.62;7.65
2019-06-28;6.93;6.97;7.01;7.05;7.18;7.25;7.35;7.41;7.49;7.56;7.59;7.62
2019-07-01;6.99;7.01;7.04;7.06;7.15;7.22;7.31;7.38;7.45;7.54;7.58;7.61
2019-07-02;6.92;6.95;6.98;7.02;7.14;7.21;7.3;7.37;7.46;7.55;7.6;7.64
2019-07-03;6.93;6.96;7;7.03;7.15;7.22;7.3;7.37;7.47;7.57;7.62;7.67
2019-07-04;6.96;6.98;7;7.03;7.13;7.19;7.27;7.34;7.43;7.53;7.58;7.63
2019-07-05;6.94;6.96;6.99;7.01;7.1;7.18;7.3;7.37;7.44;7.53;7.58;7.63
2019-07-08;6.95;6.98;7;7.02;7.1;7.15;7.24;7.32;7.43;7.55;7.62;7.68
2019-07-09;6.97;6.99;7.01;7.02;7.09;7.15;7.25;7.33;7.43;7.56;7.63;7.71
2019-07-10;6.97;6.98;6.99;7.01;7.06;7.11;7.21;7.29;7.4;7.54;7.63;7.72
2019-07-11;6.96;6.97;6.98;6.99;7.04;7.09;7.2;7.29;7.4;7.53;7.61;7.71
2019-07-12;6.96;6.97;6.99;7.01;7.08;7.15;7.26;7.34;7.44;7.57;7.66;7.75
2019-07-15;6.91;6.93;6.95;6.98;7.08;7.15;7.25;7.33;7.45;7.58;7.67;7.76
2019-07-16;6.92;6.94;6.96;6.99;7.1;7.17;7.27;7.35;7.45;7.59;7.67;7.77
2019-07-17;6.93;6.95;6.97;6.99;7.06;7.13;7.25;7.35;7.46;7.59;7.67;7.76
2019-07-18;6.93;6.95;6.97;6.99;7.06;7.13;7.25;7.35;7.47;7.63;7.73;7.84
2019-07-19;6.92;6.94;6.96;6.97;7.04;7.1;7.21;7.31;7.43;7.58;7.68;7.77
2019-07-22;6.91;6.93;6.94;6.96;7.02;7.07;7.17;7.26;7.38;7.53;7.63;7.73
2019-07-23;6.86;6.87;6.89;6.91;6.97;7.03;7.14;7.24;7.37;7.53;7.63;7.74
2019-07-24;6.85;6.86;6.88;6.89;6.94;6.99;7.09;7.19;7.34;7.53;7.65;7.77
2019-07-25;6.77;6.79;6.8;6.82;6.88;6.93;7.04;7.15;7.31;7.52;7.65;7.79
2019-07-26;6.8;6.81;6.83;6.85;6.94;7.01;7.12;7.22;7.38;7.6;7.74;7.91
2019-07-29;6.65;6.68;6.71;6.76;6.92;7.01;7.11;7.22;7.4;7.63;7.79;7.96
2019-07-30;6.7;6.72;6.74;6.77;6.88;6.97;7.12;7.25;7.43;7.68;7.85;8.02
2019-07-31;6.66;6.68;6.71;6.75;6.88;6.97;7.1;7.21;7.39;7.63;7.8;8
2019-08-01;6.63;6.66;6.69;6.73;6.87;6.97;7.13;7.25;7.43;7.67;7.84;8.04
2019-08-02;6.64;6.67;6.71;6.75;6.96;7.1;7.27;7.39;7.56;7.79;7.95;8.13
2019-08-05;6.75;6.77;6.79;6.82;6.92;7.02;7.17;7.3;7.47;7.69;7.84;8.01
2019-08-06;6.79;6.81;6.83;6.85;6.94;7.01;7.14;7.25;7.42;7.65;7.81;7.99
2019-08-07;6.76;6.78;6.81;6.84;6.94;7.01;7.11;7.22;7.39;7.62;7.78;7.97
2019-08-08;6.76;6.79;6.81;6.84;6.94;7.02;7.13;7.23;7.37;7.57;7.72;7.91
2019-08-09;6.7;6.75;6.79;6.83;6.93;7.01;7.13;7.24;7.39;7.59;7.74;7.93
2019-08-12;6.71;6.74;6.77;6.81;6.96;7.04;7.16;7.27;7.41;7.61;7.76;7.94
2019-08-13;6.77;6.79;6.82;6.85;6.96;7.04;7.16;7.25;7.39;7.59;7.73;7.91
2019-08-14;6.75;6.78;6.81;6.84;6.97;7.06;7.17;7.27;7.41;7.62;7.76;7.92
2019-08-15;6.77;6.8;6.83;6.86;6.97;7.04;7.16;7.27;7.43;7.64;7.78;7.94
2019-08-16;6.76;6.78;6.81;6.84;6.95;7.03;7.15;7.25;7.4;7.6;7.74;7.91
2019-08-19;6.73;6.79;6.84;6.89;7.02;7.07;7.16;7.26;7.42;7.63;7.77;7.94
2019-08-20;6.77;6.8;6.84;6.87;6.97;7.03;7.11;7.21;7.37;7.59;7.74;7.91
2019-08-21;6.71;6.74;6.77;6.8;6.91;6.96;7.05;7.15;7.3;7.51;7.66;7.84
2019-08-22;6.76;6.78;6.8;6.82;6.88;6.93;7.03;7.13;7.29;7.49;7.64;7.82
2019-08-23;6.75;6.77;6.8;6.82;6.88;6.93;7.03;7.13;7.29;7.51;7.66;7.85
2019-08-26;6.74;6.77;6.79;6.82;6.88;6.92;7.03;7.15;7.31;7.52;7.67;7.86
2019-08-27;6.79;6.81;6.83;6.85;6.89;6.92;7.02;7.14;7.31;7.54;7.7;7.91
2019-08-28;6.77;6.78;6.8;6.81;6.87;6.91;7;7.1;7.27;7.51;7.68;7.89
2019-08-29;6.75;6.76;6.77;6.79;6.83;6.87;6.98;7.09;7.27;7.5;7.67;7.89
2019-08-30;6.69;6.7;6.71;6.72;6.76;6.79;6.89;7.01;7.22;7.48;7.66;7.88
2019-09-02;6.67;6.68;6.69;6.7;6.74;6.77;6.88;7.01;7.21;7.48;7.67;7.91
2019-09-03;6.74;6.73;6.73;6.72;6.74;6.77;6.87;7;7.21;7.49;7.69;7.95
2019-09-04;6.7;6.69;6.68;6.68;6.69;6.71;6.79;6.91;7.13;7.43;7.65;7.92
2019-09-05;6.72;6.7;6.68;6.67;6.68;6.71;6.79;6.92;7.15;7.47;7.7;7.97
2019-09-06;6.66;6.66;6.66;6.66;6.66;6.69;6.8;6.93;7.15;7.46;7.7;7.99
2019-09-09;6.65;6.64;6.63;6.63;6.65;6.69;6.8;6.94;7.16;7.47;7.71;7.99
2019-09-10;6.75;6.72;6.7;6.69;6.68;6.71;6.81;6.94;7.15;7.48;7.72;8.02
2019-09-11;6.68;6.66;6.65;6.65;6.67;6.7;6.81;6.95;7.15;7.47;7.71;8.01
2019-09-12;6.68;6.67;6.66;6.65;6.64;6.67;6.77;6.91;7.12;7.45;7.69;7.99
2019-09-13;6.66;6.63;6.61;6.61;6.64;6.68;6.78;6.9;7.12;7.45;7.7;8.02
2019-09-16;6.74;6.69;6.66;6.64;6.66;6.69;6.79;6.92;7.14;7.47;7.72;8.01
2019-09-17;6.76;6.7;6.66;6.64;6.67;6.71;6.82;6.95;7.17;7.5;7.74;8.03
2019-09-18;6.67;6.64;6.63;6.62;6.65;6.7;6.82;6.95;7.15;7.47;7.71;7.99
2019-09-19;6.67;6.65;6.63;6.62;6.62;6.67;6.78;6.92;7.14;7.46;7.7;7.97
2019-09-20;6.57;6.57;6.57;6.57;6.61;6.65;6.78;6.92;7.13;7.45;7.69;7.97
2019-09-23;6.61;6.61;6.61;6.62;6.66;6.69;6.78;6.92;7.14;7.46;7.69;7.97
2019-09-24;6.56;6.55;6.55;6.56;6.64;6.7;6.81;6.93;7.14;7.46;7.7;7.98
2019-09-25;6.49;6.5;6.51;6.54;6.64;6.7;6.79;6.92;7.13;7.46;7.7;7.99
2019-09-26;6.58;6.55;6.53;6.53;6.62;6.68;6.79;6.92;7.13;7.45;7.69;8
2019-09-27;6.49;6.5;6.51;6.53;6.6;6.66;6.78;6.92;7.14;7.45;7.69;7.99
2019-09-30;6.56;6.54;6.53;6.53;6.6;6.67;6.8;6.93;7.15;7.47;7.72;8.02
2019-10-01;6.53;6.52;6.52;6.53;6.6;6.68;6.81;6.94;7.16;7.48;7.72;8.02
2019-10-02;6.45;6.47;6.48;6.51;6.6;6.67;6.8;6.95;7.16;7.49;7.73;8.02
2019-10-03;6.46;6.47;6.49;6.51;6.6;6.67;6.8;6.93;7.15;7.47;7.71;8
2019-10-04;6.4;6.42;6.44;6.46;6.54;6.6;6.72;6.85;7.06;7.39;7.63;7.94
2019-10-07;6.43;6.44;6.45;6.46;6.51;6.56;6.65;6.77;6.97;7.3;7.55;7.87
2019-10-08;6.48;6.48;6.49;6.5;6.52;6.56;6.66;6.78;6.99;7.32;7.57;7.91
2019-10-09;6.4;6.4;6.4;6.41;6.48;6.53;6.63;6.75;6.96;7.28;7.54;7.89
2019-10-10;6.32;6.32;6.33;6.33;6.35;6.39;6.5;6.64;6.85;7.19;7.46;7.82
2019-10-11;6.34;6.34;6.35;6.35;6.36;6.4;6.5;6.62;6.82;7.14;7.4;7.77
2019-10-14;6.27;6.31;6.34;6.35;6.37;6.39;6.47;6.59;6.78;7.11;7.38;7.74
2019-10-15;6.33;6.33;6.32;6.32;6.32;6.36;6.47;6.6;6.79;7.04;7.26;7.58
2019-10-16;6.3;6.3;6.31;6.31;6.34;6.38;6.49;6.61;6.79;7.03;7.24;7.55
2019-10-17;6.26;6.27;6.27;6.27;6.31;6.36;6.47;6.59;6.77;7;7.19;7.48
2019-10-18;6.07;6.08;6.1;6.11;6.17;6.24;6.37;6.5;6.69;6.93;7.13;7.41
2019-10-21;6.08;6.09;6.1;6.11;6.15;6.2;6.32;6.45;6.64;6.88;7.07;7.33
2019-10-22;6.06;6.07;6.08;6.09;6.13;6.17;6.28;6.41;6.59;6.82;7;7.26
2019-10-23;6.08;6.09;6.1;6.1;6.12;6.16;6.28;6.41;6.58;6.81;6.98;7.22
2019-10-24;6.08;6.09;6.09;6.09;6.11;6.16;6.3;6.44;6.62;6.83;6.99;7.22
2019-10-25;6;6;6.01;6.02;6.05;6.09;6.21;6.34;6.53;6.74;6.89;7.1
2019-10-28;5.96;5.97;5.98;5.98;6.01;6.06;6.19;6.33;6.5;6.71;6.87;7.08
2019-10-29;5.96;5.97;5.98;5.98;6.01;6.07;6.21;6.34;6.53;6.73;6.87;7.06
2019-10-30;5.94;5.95;5.96;5.96;6;6.07;6.23;6.38;6.56;6.77;6.92;7.09
2019-10-31;5.97;5.97;5.97;5.97;5.99;6.06;6.24;6.4;6.59;6.81;6.96;7.14
2019-11-01;5.89;5.9;5.9;5.91;5.95;6.02;6.17;6.32;6.51;6.74;6.89;7.06
2019-11-05;5.85;5.86;5.87;5.88;5.92;6;6.16;6.31;6.51;6.74;6.89;7.06
2019-11-06;5.77;5.79;5.8;5.82;5.9;5.99;6.16;6.31;6.5;6.75;6.9;7.05
2019-11-07;5.75;5.75;5.76;5.76;5.82;5.94;6.14;6.3;6.5;6.74;6.89;7.04
2019-11-08;5.74;5.73;5.73;5.73;5.8;5.94;6.16;6.34;6.55;6.78;6.91;7.04
2019-11-11;5.84;5.82;5.81;5.8;5.86;5.99;6.22;6.4;6.62;6.83;6.95;7.08
2019-11-12;5.95;5.9;5.86;5.85;5.9;6.04;6.26;6.43;6.63;6.83;6.94;7.04
2019-11-13;5.92;5.86;5.83;5.82;5.91;6.06;6.32;6.51;6.7;6.86;6.94;7
2019-11-14;6.01;5.91;5.86;5.83;5.89;6.03;6.27;6.44;6.63;6.79;6.88;6.95
2019-11-15;5.91;5.84;5.8;5.78;5.86;6;6.24;6.41;6.6;6.78;6.86;6.93
2019-11-18;5.94;5.86;5.81;5.79;5.84;5.98;6.24;6.42;6.61;6.78;6.86;6.94
2019-11-19;5.99;5.9;5.83;5.8;5.83;5.96;6.2;6.38;6.56;6.71;6.79;6.87
2019-11-20;6.08;5.95;5.86;5.81;5.82;5.95;6.2;6.37;6.53;6.66;6.73;6.79
2019-11-21;6.12;5.97;5.87;5.81;5.81;5.94;6.19;6.37;6.54;6.67;6.73;6.78
2019-11-22;6.03;5.9;5.81;5.77;5.79;5.93;6.17;6.35;6.52;6.68;6.75;6.81
2019-11-25;5.97;5.85;5.78;5.74;5.8;5.94;6.2;6.37;6.54;6.69;6.76;6.82
2019-11-26;6.1;5.96;5.87;5.82;5.8;5.92;6.18;6.37;6.56;6.73;6.81;6.87
2019-11-27;6.05;5.92;5.83;5.79;5.8;5.93;6.19;6.37;6.56;6.73;6.82;6.89
2019-11-28;6.03;5.91;5.84;5.81;5.83;5.97;6.22;6.4;6.58;6.76;6.85;6.92
2019-11-29;6;5.9;5.84;5.8;5.83;5.97;6.22;6.4;6.58;6.76;6.85;6.92
2019-12-02;5.94;5.86;5.81;5.79;5.85;5.98;6.24;6.42;6.6;6.78;6.87;6.95
2019-12-03;5.9;5.83;5.79;5.78;5.85;5.99;6.24;6.4;6.58;6.75;6.84;6.91
2019-12-04;5.89;5.84;5.8;5.79;5.85;5.97;6.2;6.37;6.55;6.73;6.82;6.9
2019-12-05;5.89;5.84;5.8;5.79;5.85;5.98;6.21;6.38;6.56;6.74;6.84;6.91
2019-12-06;5.82;5.78;5.76;5.76;5.83;5.96;6.19;6.37;6.55;6.73;6.83;6.91
2019-12-09;5.77;5.74;5.74;5.74;5.83;5.96;6.19;6.37;6.56;6.74;6.83;6.91
2019-12-10;5.86;5.82;5.79;5.78;5.82;5.95;6.2;6.38;6.56;6.73;6.81;6.89
2019-12-11;5.8;5.76;5.73;5.72;5.8;5.94;6.21;6.39;6.58;6.75;6.84;6.92
2019-12-12;5.71;5.67;5.64;5.64;5.71;5.86;6.13;6.33;6.53;6.71;6.8;6.89
2019-12-13;5.64;5.58;5.55;5.56;5.7;5.88;6.17;6.36;6.54;6.69;6.77;6.83
2019-12-16;5.64;5.59;5.56;5.56;5.7;5.87;6.15;6.34;6.52;6.68;6.76;6.84
2019-12-17;5.68;5.63;5.6;5.6;5.72;5.87;6.14;6.33;6.51;6.67;6.75;6.83
2019-12-18;5.62;5.59;5.58;5.59;5.7;5.85;6.12;6.32;6.52;6.7;6.79;6.87
2019-12-19;5.53;5.52;5.53;5.55;5.72;5.88;6.16;6.36;6.55;6.71;6.79;6.86
2019-12-20;5.45;5.45;5.47;5.51;5.7;5.87;6.16;6.35;6.53;6.69;6.77;6.84
2019-12-23;5.45;5.46;5.48;5.52;5.7;5.86;6.14;6.35;6.54;6.7;6.77;6.83
2019-12-24;5.39;5.41;5.44;5.49;5.68;5.84;6.11;6.31;6.5;6.66;6.74;6.82
2019-12-25;5.32;5.35;5.39;5.43;5.65;5.81;6.1;6.31;6.49;6.66;6.74;6.82
2019-12-26;5.31;5.35;5.4;5.46;5.67;5.8;6.05;6.27;6.48;6.66;6.75;6.83
2019-12-27;4.98;5.09;5.21;5.32;5.68;5.89;6.17;6.33;6.48;6.59;6.64;6.68
2019-12-30;4.79;4.94;5.08;5.21;5.61;5.82;6.1;6.27;6.41;6.52;6.56;6.6
