Date;ON;1W;1M;2M;3M;6M;12M
2019-12-31;1.54263;1.63;1.7625;1.83313;1.90838;1.9121299999999999;1.99625
2019-12-30;1.5343799999999999;1.6035;1.78088;1.8388799999999998;1.9093799999999999;1.90875;2.001
2019-12-27;1.53625;1.624;1.79938;1.84913;1.9446299999999999;1.92075;2.00425
2019-12-24;1.5331299999999999;1.60863;1.80475;1.853;1.9605;1.92125;2.012
2019-12-23;1.5345;1.6025;1.792;1.84388;1.9466299999999999;1.92438;2.0015
2019-12-20;1.53663;1.57613;1.77988;1.85025;1.93475;1.9205;1.99963
2019-12-19;1.534;1.57525;1.7851299999999999;1.84475;1.92775;1.91625;1.998
2019-12-18;1.5335;1.58213;1.76463;1.84188;1.908;1.90488;1.96963
2019-12-17;1.5356299999999998;1.57613;1.76388;1.8405;1.9025;1.9046299999999998;1.96838
2019-12-16;1.53063;1.56525;1.74488;1.8361299999999998;1.8985;1.8933799999999998;1.95963
2019-12-13;1.52988;1.563;1.73738;1.8368799999999998;1.89963;1.90288;1.9638799999999998
2019-12-12;1.53375;1.5703799999999999;1.73975;1.83188;1.89363;1.88638;1.93288
2019-12-11;1.52538;1.57638;1.7405;1.824;1.8873799999999998;1.88825;1.94325
2019-12-10;1.529;1.58013;1.73563;1.82613;1.88725;1.87863;1.93288
2019-12-09;1.53663;1.5828799999999998;1.71763;1.8205;1.88838;1.8801299999999999;1.93525
2019-12-06;1.5291299999999999;1.5828799999999998;1.7151299999999998;1.82175;1.8905;1.88675;1.92313
2019-12-05;1.52938;1.57475;1.71013;1.8223799999999999;1.885;1.8881299999999999;1.9226299999999998
2019-12-04;1.5295;1.58838;1.7131299999999998;1.825;1.88713;1.8875;1.917
2019-12-03;1.5385;1.57725;1.70363;1.8356299999999999;1.8915;1.8953799999999998;1.9366299999999999
2019-12-02;1.54063;1.5723799999999999;1.69375;1.83388;1.9001299999999999;1.9061299999999999;1.9625
2019-11-29;1.5425;1.5865;1.69713;1.83988;1.9055;1.89688;1.95213
2019-11-28;;1.58625;1.7085;1.83575;1.90688;1.89513;1.95025
2019-11-27;1.5396299999999998;1.5888799999999998;1.69113;1.83463;1.91375;1.90688;1.93975
2019-11-26;1.538;1.5981299999999998;1.70163;1.8436299999999999;1.9086299999999998;1.91425;1.94163
2019-11-25;1.53613;1.597;1.6995;1.842;1.9186299999999998;1.91913;1.94175
2019-11-22;1.53388;1.58975;1.70275;1.83675;1.91725;1.90725;1.91488
2019-11-21;1.54138;1.584;1.708;1.841;1.9095;1.8935;1.9086299999999998
2019-11-20;1.529;1.58475;1.71563;1.8335;1.89875;1.89113;1.90925
2019-11-19;1.53688;1.58775;1.72163;1.83675;1.89463;1.907;1.94163
2019-11-18;1.53538;1.591;1.72363;1.836;1.8985;1.91888;1.95338
2019-11-15;1.53675;1.57913;1.73325;1.8325;1.9026299999999998;1.9185;1.961
2019-11-14;1.527;1.5808799999999998;1.7625;1.84075;1.9041299999999999;1.92163;1.9711299999999998
2019-11-13;1.539;1.59863;1.76538;1.84575;1.90988;1.92225;1.987
2019-11-12;1.53925;1.59713;1.76163;1.84188;1.90925;1.92613;2.00563
2019-11-11;;1.60638;1.76325;1.8385;1.9046299999999998;1.923;1.99413
2019-11-08;1.53863;1.61225;1.759;1.85;1.9006299999999998;1.923;1.99975
2019-11-07;1.5436299999999998;1.61375;1.758;1.84675;1.9013799999999998;1.9226299999999998;1.983
2019-11-06;1.5365;1.61338;1.755;1.84525;1.90425;1.92388;1.9766299999999999
2019-11-05;1.54713;1.6168799999999999;1.76988;1.85463;1.8935;1.92625;1.96688
2019-11-04;1.55088;1.6261299999999999;1.771;1.85338;1.90825;1.9246299999999998;1.96
2019-11-01;1.5921299999999998;1.63163;1.77425;1.8388799999999998;1.8905;1.90238;1.92525
2019-10-31;1.59988;1.659;1.78488;1.84;1.90225;1.91625;1.95538
2019-10-30;1.8043799999999999;1.68;1.78138;1.859;1.90913;1.9195;1.9798799999999999
2019-10-29;1.801;1.71038;1.78588;1.86313;1.92713;1.9298799999999998;1.98875
2019-10-28;1.8016299999999998;1.75125;1.7996299999999998;1.88263;1.9355;1.9398799999999998;1.99525
2019-10-25;1.806;1.78625;1.8048799999999998;1.881;1.92813;1.93325;1.95575
2019-10-24;1.80275;1.8135;1.80425;1.88575;1.93563;1.932;1.96088
2019-10-23;1.814;1.83575;1.82275;1.89763;1.93963;1.914;1.94275
2019-10-22;1.8128799999999998;1.84513;1.82175;1.88463;1.936;1.9325;1.96725
2019-10-21;1.81113;1.84375;1.823;1.8975;1.934;1.93425;1.9606299999999999
2019-10-18;1.81513;1.84638;1.85025;1.9275;1.95325;1.95175;1.98725
2019-10-17;1.8381299999999998;1.85263;1.84638;1.93488;1.9658799999999998;1.9745;1.9931299999999998
2019-10-16;1.82575;1.85113;1.8775;1.9646299999999999;2.00325;1.9858799999999999;1.99225
2019-10-15;1.79513;1.85313;1.88913;1.96738;2.0021299999999997;1.97725;1.97413
2019-10-14;;1.866;1.89075;1.9655;2.00088;1.978;1.9731299999999998
2019-10-11;1.79888;1.86575;1.9135;1.9746299999999999;2.00088;1.97563;1.9555
2019-10-10;1.79263;1.863;1.92125;1.96538;1.98613;1.9355;1.896
2019-10-09;1.79;1.87725;1.9273799999999999;1.9785;1.98425;1.94275;1.88188
2019-10-08;1.8055;1.8665;1.93875;1.99863;2.0095;1.96338;1.8885
2019-10-07;1.80825;1.88313;1.94025;2.0021299999999997;2.012;1.96038;1.86775
2019-10-04;1.82075;1.881;1.978;2.00438;2.027;1.9506299999999999;1.85313
2019-10-03;1.8223799999999999;1.88113;1.9895;2.02238;2.04313;1.985;1.91425
2019-10-02;1.85125;1.89238;1.99725;2.03388;2.05638;2.017;1.95825
2019-10-01;1.82613;1.89275;2.01088;2.05963;2.0886299999999998;2.0565;2.0355
2019-09-30;1.8215;1.9115;2.01563;2.0653799999999998;2.08513;2.05563;2.03213
2019-09-27;1.82713;1.91325;2.0315;2.07088;2.09863;2.063;2.04325
2019-09-26;1.82988;1.92975;2.0435;2.0865;2.10438;2.06438;2.02013
2019-09-25;1.84075;1.94688;2.05363;2.0895;2.09963;2.04413;1.985
2019-09-24;1.842;1.9161299999999999;2.04588;2.09225;2.113;2.063;2.02925
2019-09-23;1.8475;1.92925;2.01838;2.09288;2.10625;2.0585;2.0333799999999997
2019-09-20;1.8685;1.9453799999999999;2.0365;2.1198799999999998;2.13463;2.07038;2.065
2019-09-19;1.96213;1.942;2.04588;2.1263799999999997;2.15888;2.084;2.07413
2019-09-18;2.18525;1.9746299999999999;2.04425;2.13338;2.15588;2.0815;2.0645
2019-09-17;2.15488;1.98375;2.057;2.14175;2.16413;2.08525;2.0653799999999998
2019-09-16;2.11163;2.00388;2.04088;2.12338;2.14513;2.078;2.06963
2019-09-13;2.09475;2.02275;2.02475;2.1151299999999997;2.13938;2.07025;2.04913
2019-09-12;2.08825;2.06488;2.0275;2.12275;2.1185;2.04725;2.00563
2019-09-11;2.0945;2.10425;2.03588;2.12425;2.12725;2.05288;2.00863
2019-09-10;2.0925;2.12813;2.03863;2.12838;2.13163;2.03513;1.97038
2019-09-09;2.09388;2.13263;2.0495;2.14538;2.1383799999999997;2.03563;1.94875
2019-09-06;2.09475;2.1315;2.049;2.1445;2.13413;2.0341299999999998;1.949
2019-09-05;2.09763;2.12763;2.04213;2.1095;2.10213;1.9885;1.891
2019-09-04;2.09125;2.13163;2.05725;2.12;2.11238;1.98725;1.89688
2019-09-03;2.09063;2.13713;2.06688;2.13738;2.12663;2.01238;1.93638
2019-09-02;;2.1295;2.08188;2.14625;2.13275;2.024;1.94938
2019-08-30;2.08963;2.13663;2.089;2.1496299999999997;2.13763;2.0365;1.974
2019-08-29;2.095;2.1425;2.10025;2.14738;2.13175;2.03138;1.96138
2019-08-28;2.08663;2.1351299999999998;2.112;2.14563;2.12413;2.03513;1.94938
2019-08-27;2.09575;2.13713;2.1158799999999998;2.15238;2.11738;2.0375;1.94938
2019-08-23;2.08838;2.134;2.1395;2.17138;2.14438;2.08013;2.0285
2019-08-22;2.09363;2.1271299999999997;2.14525;2.15938;2.13225;2.0425;1.97325
2019-08-21;2.093;2.13988;2.16663;2.16975;2.14763;2.0253799999999997;1.95425
2019-08-20;2.097;2.13363;2.17;2.166;2.1495;2.02363;1.9485
2019-08-19;2.09538;2.11738;2.16863;2.16663;2.1515;2.02913;1.95325
2019-08-16;2.0985;2.11638;2.17213;2.156;2.13588;2.01675;1.945
2019-08-15;2.0958799999999997;2.12925;2.182;2.15313;2.12375;2.014;1.9325
2019-08-14;2.09213;2.1385;2.19738;2.1905;2.16838;2.0798799999999997;2.029
2019-08-13;2.09825;2.142;2.19513;2.17963;2.15813;2.034;1.97013
2019-08-12;2.10275;2.14113;2.19525;2.1895;2.17525;2.05763;1.99063
2019-08-09;2.09538;2.14075;2.19425;2.206;2.17563;2.052;1.9878799999999999
2019-08-08;2.09525;2.149;2.2008799999999997;2.21375;2.181;2.05025;1.993
2019-08-07;2.09938;2.1515;2.21125;2.224;2.1845;2.04763;1.977
2019-08-06;2.09713;2.15463;2.21275;2.223;2.187;2.05113;1.99413
2019-08-05;2.10513;2.16288;2.223;2.23238;2.209;2.08588;2.03675
2019-08-02;2.10425;2.18013;2.2285;2.24575;2.23925;2.133;2.1158799999999998
2019-08-01;2.11225;2.18825;2.2441299999999997;2.2705;2.28675;2.22688;2.2385
2019-07-31;2.35163;2.17625;2.22425;2.2528799999999998;2.26563;2.20688;2.18863
2019-07-30;2.347;2.19625;2.22975;2.2525;2.25313;2.19163;2.1885
2019-07-29;2.34863;2.23225;2.23438;2.258;2.2555;2.19625;2.198
2019-07-26;2.35038;2.27313;2.237;2.247;2.26575;2.2048799999999997;2.19663
2019-07-25;2.349;2.30688;2.24113;2.25263;2.25575;2.1775;2.17888
2019-07-24;2.35225;2.3491299999999997;2.26175;2.2805;2.26663;2.18313;2.1795
2019-07-23;2.35375;2.37413;2.266;2.286;2.2755;2.1848799999999997;2.19125
2019-07-22;2.35963;2.37425;2.26913;2.29363;2.28275;2.18075;2.18838
2019-07-19;2.362;2.36938;2.26113;2.25975;2.2593799999999997;2.14425;2.15775
2019-07-18;2.36063;2.377;2.2715;2.27988;2.27763;2.17425;2.19213
2019-07-17;2.36275;2.37013;2.29788;2.2953799999999998;2.3025;2.19875;2.217
2019-07-16;2.35663;2.37925;2.30038;2.30188;2.29963;2.207;2.21088
2019-07-15;2.3571299999999997;2.37475;2.31413;2.30838;2.30325;2.21713;2.2105
2019-07-12;2.35913;2.38175;2.332;2.33375;2.32225;2.22925;2.23113
2019-07-11;2.359;2.37475;2.325;2.32475;2.3033799999999998;2.21263;2.19325
2019-07-10;2.35475;2.38425;2.3691299999999997;2.36363;2.3395;2.26238;2.28575
2019-07-09;2.35013;2.3803799999999997;2.36863;2.3578799999999998;2.34075;2.25675;2.2735
2019-07-08;2.35688;2.3771299999999997;2.37938;2.36475;2.33775;2.2565;2.2615
2019-07-05;2.34825;2.377;2.3665;2.33738;2.3113799999999998;2.20975;2.19163
2019-07-04;;2.39563;2.36413;2.33475;2.3026299999999997;2.20063;2.17938
2019-07-03;2.35638;2.39575;2.36;2.3355;2.2885;2.2088799999999997;2.18038
2019-07-02;2.35138;2.38813;2.3795;2.33838;2.313;2.22638;2.20313
2019-07-01;2.35975;2.3825;2.38775;2.339;2.33188;2.2185;2.20188
2019-06-28;2.37038;2.3723799999999997;2.398;2.33088;2.31988;2.2005;2.17813
2019-06-27;2.35488;2.37188;2.40238;2.34088;2.31888;2.21338;2.18463
2019-06-26;2.354;2.38538;2.40238;2.34538;2.3298799999999997;2.19975;2.18325
2019-06-25;2.34475;2.37175;2.40413;2.34125;2.31125;2.18275;2.14738
2019-06-24;2.34925;2.376;2.40175;2.3495;2.33288;2.20988;2.17875
2019-06-21;2.3475;2.36875;2.4043799999999997;2.37663;2.34925;2.2201299999999997;2.20213
2019-06-20;2.3415;2.3818799999999998;2.4036299999999997;2.381;2.34313;2.21675;2.1615
2019-06-19;2.34088;2.35675;2.38338;2.39538;2.38613;2.3;2.29775
2019-06-18;2.3495;2.3595;2.38288;2.39838;2.38663;2.298;2.26438
2019-06-17;2.34438;2.3595;2.39025;2.40638;2.4185;2.30875;2.28675
2019-06-14;2.3466299999999998;2.37;2.38175;2.39438;2.402;2.27738;2.2465
2019-06-13;2.3505;2.36463;2.39425;2.40238;2.41025;2.31838;2.30563
2019-06-12;2.35038;2.3745;2.4011299999999998;2.4203799999999998;2.42788;2.34163;2.333
2019-06-11;2.35088;2.3755;2.41063;2.4283799999999998;2.4495;2.352;2.34325
2019-06-10;2.345;2.3785;2.41338;2.42075;2.43575;2.34875;2.33763
2019-06-07;2.35175;2.3763799999999997;2.41213;2.43013;2.45063;2.37175;2.34613
2019-06-06;2.346;2.3785;2.4116299999999997;2.43838;2.453;2.3778799999999998;2.34763
2019-06-05;2.34538;2.3785;2.4185;2.45638;2.4716299999999998;2.4083799999999997;2.3825
2019-06-04;2.36;2.37775;2.42088;2.4575;2.47438;2.42425;2.40525
2019-06-03;2.36075;2.38238;2.42988;2.45525;2.4785;2.4555;2.41338
2019-05-31;2.3545;2.38925;2.4305;2.474;2.5025;2.51663;2.51025
2019-05-30;2.35775;2.398;2.44;2.48013;2.52025;2.54375;2.57813
2019-05-29;2.356;2.38738;2.4385;2.48113;2.52175;2.52438;2.57075
2019-05-28;2.3538799999999998;2.39088;2.42938;2.48263;2.52375;2.54125;2.5998799999999997
2019-05-24;2.3565;2.3965;2.42813;2.48663;2.52488;2.5486299999999997;2.619
2019-05-23;2.35625;2.39625;2.42975;2.496;2.52063;2.56013;2.64475
2019-05-22;2.3545;2.39425;2.437;2.49725;2.52475;2.57063;2.6656299999999997
2019-05-21;2.35538;2.39513;2.42963;2.49325;2.5235;2.56325;2.6536299999999997
2019-05-20;2.35938;2.39413;2.436;2.48825;2.52338;2.55975;2.64688
2019-05-17;2.35575;2.396;2.44188;2.48788;2.52188;2.55375;2.63538
2019-05-16;2.35938;2.38463;2.44063;2.48913;2.51963;2.5515;2.61425
2019-05-15;2.3491299999999997;2.3811299999999997;2.4323799999999998;2.49575;2.52513;2.55088;2.6325
2019-05-14;2.34338;2.38813;2.43763;2.49863;2.5245;2.55088;2.63925
2019-05-13;2.3451299999999997;2.38688;2.4396299999999997;2.49525;2.518;2.58763;2.67225
2019-05-10;2.35638;2.3885;2.449;2.48963;2.52788;2.587;2.69338
2019-05-09;2.35888;2.39063;2.45338;2.49638;2.53525;2.58163;2.70213
2019-05-08;2.36275;2.3955;2.45138;2.501;2.54513;2.58225;2.71375
2019-05-07;2.36313;2.4043799999999997;2.46275;2.51475;2.562;2.59438;2.72138
2019-05-03;2.3778799999999998;2.41088;2.46663;2.50838;2.5598799999999997;2.61738;2.7455
2019-05-02;2.3731299999999997;2.39663;2.46713;2.5068799999999998;2.56513;2.6385;2.7368799999999998
2019-05-01;2.39188;2.42663;2.48325;2.52438;2.5755;2.6115;2.71038
2019-04-30;2.37913;2.42538;2.4805;2.52625;2.57563;2.622;2.7168799999999997
2019-04-29;2.38975;2.427;2.48588;2.5301299999999998;2.579;2.612;2.713
2019-04-26;2.4;2.4308799999999997;2.48313;2.5413799999999998;2.58275;2.61575;2.7175
2019-04-25;2.39938;2.416;2.4785;2.5453799999999998;2.58238;2.6125;2.71625
2019-04-24;2.39413;2.4243799999999998;2.48338;2.54163;2.58638;2.61975;2.72513
2019-04-23;2.40275;2.4175;2.47663;2.53063;2.58025;2.6198799999999998;2.73563
2019-04-18;2.39113;2.411;2.48088;2.54113;2.58113;2.629;2.74638
2019-04-17;2.38563;2.4135;2.48738;2.54363;2.5915;2.63363;2.76188
2019-04-16;2.3891299999999998;2.413;2.47975;2.53825;2.60088;2.63138;2.75525
2019-04-15;2.39263;2.4105;2.47388;2.53488;2.588;2.63763;2.75488
2019-04-12;2.39225;2.41175;2.47738;2.54263;2.601;2.63775;2.74838
2019-04-11;2.3885;2.40775;2.47263;2.53675;2.59675;2.63125;2.73413
2019-04-10;2.3885;2.41425;2.482;2.5485;2.6035;2.627;2.7401299999999997
2019-04-09;2.393;2.41213;2.484;2.5526299999999997;2.58125;2.6285;2.75413
2019-04-08;2.39175;2.41375;2.48125;2.54763;2.584;2.63163;2.74988
2019-04-05;2.39375;2.4265;2.4716299999999998;2.54425;2.59213;2.64463;2.75113
2019-04-04;2.39413;2.40925;2.4735;2.55425;2.5886299999999998;2.64588;2.7365
2019-04-03;2.38613;2.413;2.47713;2.56075;2.59775;2.6551299999999998;2.7495
2019-04-02;2.38025;2.42013;2.47938;2.5595;2.60238;2.65063;2.73325
2019-04-01;2.38813;2.42125;2.4933799999999997;2.56188;2.5955;2.66913;2.73
2019-03-29;2.382;2.423;2.4945;2.5638799999999997;2.59975;2.6595;2.71063
2019-03-28;2.39275;2.405;2.5015;2.55238;2.59175;2.64113;2.69425
2019-03-27;2.39213;2.4095;2.49863;2.559;2.601;2.65075;2.68288
2019-03-26;2.39388;2.4076299999999997;2.4955;2.55775;2.59738;2.68213;2.72463
2019-03-25;2.38938;2.4123799999999997;2.48975;2.56238;2.60875;2.673;2.74575
2019-03-22;2.389;2.40925;2.4988799999999998;2.556;2.60988;2.676;2.787
2019-03-21;2.38725;2.40738;2.4855;2.55225;2.6015;2.67738;2.79413
2019-03-20;2.38625;2.4156299999999997;2.49063;2.54438;2.607;2.679;2.8135
2019-03-19;2.39013;2.4123799999999997;2.48675;2.55813;2.61275;2.67413;2.81038
2019-03-18;2.38963;2.40975;2.48775;2.56475;2.63263;2.67063;2.81763
2019-03-15;2.39038;2.40663;2.48175;2.55838;2.62525;2.67175;2.8405
2019-03-14;2.39038;2.40938;2.48175;2.56675;2.61463;2.67913;2.8458799999999997
2019-03-13;2.39013;2.41588;2.48375;2.5685;2.61088;2.67638;2.859
2019-03-12;2.39038;2.41675;2.48863;2.56925;2.59325;2.68213;2.8685
2019-03-11;2.39025;2.40375;2.4988799999999998;2.5715;2.60825;2.67925;2.869
2019-03-08;2.38688;2.40388;2.4915;2.57013;2.5966299999999998;2.679;2.86363
2019-03-07;2.38975;2.41025;2.49275;2.5615;2.6006299999999998;2.68275;2.87613
2019-03-06;2.39063;2.4123799999999997;2.49175;2.56188;2.5945;2.68813;2.88638
2019-03-05;2.39063;2.41738;2.48088;2.5606299999999997;2.60663;2.68475;2.88363
2019-03-04;2.38238;2.40525;2.483;2.55975;2.60763;2.68263;2.88325
2019-03-01;2.38488;2.408;2.48188;2.5613799999999998;2.5985;2.68213;2.879
2019-02-28;2.38275;2.40775;2.49038;2.56713;2.6151299999999997;2.68575;2.86488
2019-02-27;2.38825;2.4135;2.48925;2.57213;2.62613;2.685;2.8665
2019-02-26;2.38863;2.41388;2.493;2.57913;2.62888;2.687;2.87825
2019-02-25;2.38863;2.40975;2.47913;2.57675;2.63863;2.69313;2.88313
2019-02-22;2.38788;2.41013;2.48438;2.57638;2.64625;2.706;2.89163
2019-02-21;2.3825;2.40875;2.48988;2.57063;2.651;2.70425;2.88863
2019-02-20;2.38463;2.41713;2.48113;2.5735;2.66338;2.69338;2.87425
2019-02-19;2.378;2.4095;2.48225;2.57813;2.64125;2.73575;2.89113
2019-02-18;;2.415;2.48475;2.57813;2.64363;2.7553799999999997;2.90713
2019-02-15;2.387;2.415;2.48038;2.58425;2.68288;2.75375;2.906
2019-02-14;2.38275;2.41513;2.48138;2.5905;2.69388;2.744;2.91675
2019-02-13;2.3843799999999997;2.41863;2.48875;2.59888;2.68375;2.74325;2.91575
2019-02-12;2.3835;2.4185;2.49375;2.5911299999999997;2.6928799999999997;2.7405;2.91525
2019-02-11;2.38625;2.40813;2.49788;2.5855;2.688;2.73363;2.92425
2019-02-08;2.38575;2.40788;2.50413;2.59388;2.69775;2.74188;2.93575
2019-02-07;2.38313;2.40975;2.51688;2.61013;2.697;2.765;2.94825
2019-02-06;2.38325;2.4123799999999997;2.51263;2.60925;2.73763;2.77625;2.962
2019-02-05;2.38238;2.41063;2.51225;2.62013;2.7385;2.7775;2.98575
2019-02-04;2.38413;2.408;2.51313;2.63775;2.73438;2.79575;2.98013
2019-02-01;2.374;2.4083799999999997;2.514;2.6285;2.73263;2.79;2.96163
2019-01-31;2.3835;2.40888;2.51375;2.62525;2.7375;2.7995;2.9835
2019-01-30;2.38388;2.41475;2.50913;2.61925;2.73625;2.8115;3.02063
2019-01-29;2.3843799999999997;2.41388;2.4988799999999998;2.63363;2.74438;2.82338;3.02375
2019-01-28;2.38488;2.4065;2.50175;2.64613;2.7505;2.8298799999999997;3.03
2019-01-25;2.38475;2.40275;2.5;2.6463799999999997;2.75163;2.83225;3.0315
2019-01-24;2.3845;2.4095;2.50188;2.625;2.76475;2.85013;3.02913
2019-01-23;2.38413;2.41438;2.51;2.627;2.77063;2.85363;3.035
2019-01-22;2.37563;2.40888;2.519;2.64188;2.77925;2.85363;3.03713
2019-01-21;;2.40925;2.51225;2.6343799999999997;2.77238;2.85475;3.03988
2019-01-18;2.38388;2.40613;2.506;2.62963;2.761;2.85188;3.0301299999999998
2019-01-17;2.38463;2.40663;2.503;2.63313;2.77575;2.8525;3.01188
2019-01-16;2.38488;2.40719;2.51325;2.64225;2.78031;2.86163;3.0301299999999998
2019-01-15;2.38675;2.402;2.5075;2.63963;2.7734400000000003;2.8458099999999997;3.00838
2019-01-14;2.39013;2.39613;2.5100599999999997;2.637;2.77894;2.85344;3.01088
2019-01-11;2.38938;2.407;2.50894;2.648;2.7873099999999997;2.86463;3.0186900000000003
2019-01-10;2.39413;2.40788;2.51419;2.65275;2.79694;2.86044;3.019
2019-01-09;2.39075;2.414;2.51875;2.65288;2.79888;2.86975;3.039
2019-01-08;2.39125;2.40875;2.5155;2.6463799999999997;2.7825;2.85256;3.01613
2019-01-07;2.39275;2.4051299999999998;2.51113;2.63388;2.79681;2.84875;2.99475
2019-01-04;2.394;2.40975;2.5205599999999997;2.6231299999999997;2.80388;2.85575;2.96488
2019-01-03;2.39188;2.41325;2.51275;2.62038;2.795;2.85888;3.005
2019-01-02;2.38675;2.41475;2.50713;2.61738;2.79388;2.87394;3.002
2018-12-31;2.37825;2.41138;2.5026900000000003;2.61375;2.80763;2.87563;3.00544
2018-12-28;2.3923799999999997;2.41588;2.51988;2.6195;2.797;2.8731299999999997;3.01313
2018-12-27;2.391;2.4196299999999997;2.52238;2.619;2.803;2.883;3.03238
2018-12-24;2.38988;2.41863;2.50563;2.61175;2.81344;2.89375;3.04788
2018-12-21;2.39163;2.416;2.50625;2.6118799999999998;2.82163;2.90788;3.07313
2018-12-20;2.38788;2.4083799999999997;2.50375;2.61738;2.82375;2.9;3.06544
2018-12-19;2.18175;2.36813;2.47938;2.5895599999999996;2.78963;2.87088;3.05275
2018-12-18;2.18025;2.369;2.4701299999999997;2.58725;2.792;2.8763799999999997;3.0613099999999998
2018-12-17;2.18125;2.299;2.46963;2.59063;2.80363;2.90463;3.1038799999999998
2018-12-14;2.18475;2.28075;2.455;2.588;2.8006900000000003;2.90056;3.09769
2018-12-13;2.18438;2.27638;2.45513;2.5886299999999998;2.78819;2.90088;3.11238
2018-12-12;2.18475;2.21988;2.44013;2.58494;2.7775;2.89225;3.10125
2018-12-11;2.18213;2.2065;2.4323799999999998;2.5798099999999997;2.779;2.88063;3.0895
2018-12-10;2.182;2.21025;2.4205;2.56763;2.7759400000000003;2.8778799999999998;3.084
2018-12-07;2.1808799999999997;2.21425;2.4001900000000003;2.54525;2.77106;2.8858099999999998;3.1005599999999998
2018-12-06;2.1823799999999998;2.2334400000000003;2.38694;2.5404400000000003;2.76713;2.8890599999999997;3.11194
2018-12-05;2.17188;2.22606;2.38325;2.54275;2.76575;2.89113;3.12575
2018-12-04;2.17613;2.226;2.3795;2.53625;2.73888;2.8963799999999997;3.13294
2018-12-03;2.18188;2.21619;2.37888;2.5365599999999997;2.75125;2.89525;3.1381900000000003
2018-11-30;2.1775;2.22131;2.34694;2.5100599999999997;2.7361299999999997;2.89463;3.12025
2018-11-29;2.18275;2.2288099999999997;2.34925;2.51125;2.73813;2.88519;3.11869
2018-11-28;2.1825;2.2245;2.34463;2.495;2.70663;2.88663;3.13413
2018-11-27;2.1785;2.23494;2.34931;2.499;2.706;2.88444;3.13075
2018-11-26;2.183;2.219;2.33675;2.49525;2.70681;2.89275;3.12838
2018-11-23;2.177;2.22188;2.3218799999999997;2.49538;2.69119;2.88625;3.12075
2018-11-22;;2.22213;2.31488;2.48013;2.68925;2.88725;3.1095
2018-11-21;2.1805;2.221;2.31513;2.47313;2.67694;2.88588;3.11038
2018-11-20;2.17288;2.21638;2.3055;2.4585;2.65313;2.86325;3.09713
2018-11-19;2.18075;2.21725;2.30025;2.45769;2.64581;2.86575;3.10738
2018-11-16;2.17538;2.21225;2.30088;2.45213;2.6445;2.86263;3.12363
2018-11-15;2.17938;2.21125;2.3025;2.44913;2.64;2.8601900000000002;3.1183799999999997
2018-11-14;2.17575;2.2096299999999998;2.31038;2.4453099999999997;2.629;2.86344;3.12963
2018-11-13;2.17788;2.2161299999999997;2.3065;2.44413;2.61613;2.855;3.13206
2018-11-12;;2.2155;2.3066299999999997;2.44525;2.61413;2.85538;3.13475
2018-11-09;2.175;2.21913;2.31438;2.45513;2.61813;2.858;3.14413
2018-11-08;2.17988;2.21619;2.3184400000000003;2.45863;2.61463;2.85763;3.14075
2018-11-07;2.17725;2.21588;2.3153099999999998;2.4455;2.60113;2.8435;3.12513
2018-11-06;2.17663;2.21138;2.31688;2.42863;2.59125;2.8415;3.11638
2018-11-05;2.17525;2.21425;2.316;2.4295;2.58925;2.83575;3.11688
2018-11-02;2.17463;2.214;2.3178799999999997;2.42625;2.59238;2.82888;3.10488
2018-11-01;2.17538;2.21788;2.31356;2.418;2.5815;2.8165;3.09613
2018-10-31;2.173;2.21238;2.30688;2.3963799999999997;2.5585;2.80013;3.08375
2018-10-30;2.18;2.22925;2.2993799999999998;2.39338;2.541;2.79625;3.07088
2018-10-29;2.17888;2.22625;2.302;2.39106;2.52663;2.78175;3.06375
2018-10-26;2.17675;2.21838;2.2966900000000003;2.38531;2.52038;2.77675;3.05675
2018-10-25;2.17425;2.2195;2.29494;2.37975;2.50925;2.77413;3.05175
2018-10-24;2.17513;2.2103099999999998;2.29406;2.36463;2.508;2.75975;3.03938
2018-10-23;2.17388;2.2168799999999997;2.28138;2.35613;2.48988;2.74756;3.03438
2018-10-22;2.17063;2.2120599999999997;2.2865;2.3611299999999997;2.48738;2.72931;3.031
2018-10-19;2.17113;2.214;2.28188;2.35538;2.4771900000000002;2.7235;3.02038
2018-10-18;2.17025;2.21319;2.27963;2.34838;2.469;2.69413;3.0005599999999997
2018-10-17;2.176;2.20913;2.282;2.3335;2.44963;2.66138;2.96575
2018-10-16;2.17638;2.2153099999999997;2.28713;2.33575;2.44456;2.6575;2.96713
2018-10-15;2.17725;2.2193099999999997;2.2895;2.344;2.44881;2.65375;2.9668099999999997
2018-10-12;2.16938;2.2035;2.27975;2.33413;2.43644;2.65213;2.96338
2018-10-11;2.17225;2.2088799999999997;2.2795;2.33075;2.4363099999999998;2.63525;2.95425
2018-10-10;2.172;2.2025;2.2831900000000003;2.3225;2.42519;2.63625;2.96913
2018-10-09;2.1655;2.215;2.28713;2.314;2.42044;2.629;2.962
2018-10-08;;2.207;2.2840599999999998;2.32175;2.41425;2.626;2.95788
2018-10-05;2.17175;2.20788;2.2766900000000003;2.31875;2.40806;2.62288;2.95831
2018-10-04;2.16525;2.204;2.28063;2.32388;2.40963;2.6235;2.95688
2018-10-03;2.16813;2.2065;2.27925;2.31925;2.40825;2.60888;2.92725
2018-10-02;2.17725;2.2136299999999998;2.27394;2.31988;2.4075;2.607;2.92475
2018-10-01;2.17075;2.20913;2.26513;2.30975;2.39813;2.60625;2.9255
2018-09-28;2.17138;2.19863;2.26056;2.31075;2.39838;2.6038799999999998;2.91863
2018-09-27;2.17388;2.19588;2.256;2.30375;2.396;2.6005;2.91738
2018-09-26;1.92525;2.16263;2.2421900000000003;2.29425;2.38613;2.5935;2.9145
2018-09-25;1.91625;2.16738;2.23006;2.283;2.381;2.59538;2.91188
2018-09-24;1.918;2.126;2.2181900000000003;2.2725;2.37363;2.59363;2.90888
2018-09-21;1.92088;2.085;2.21581;2.26788;2.37263;2.592;2.90825
2018-09-20;1.9173799999999999;2.0406299999999997;2.21219;2.2635;2.36638;2.58488;2.89663
2018-09-19;1.9186299999999998;1.97531;2.18244;2.2475;2.35338;2.57175;2.88713
2018-09-18;1.91888;1.9716900000000002;2.16525;2.2375;2.3375;2.5678799999999997;2.8795
2018-09-17;1.9146299999999998;1.9671299999999998;2.16813;2.23363;2.33875;2.57075;2.87944
2018-09-14;1.91513;1.96606;2.1646900000000002;2.23175;2.3371299999999997;2.56875;2.8801900000000002
2018-09-13;1.91988;1.96531;2.15844;2.231;2.33413;2.56713;2.87344
2018-09-12;1.919;1.9530599999999998;2.13444;2.21475;2.3315;2.5606299999999997;2.86456
2018-09-11;1.91513;1.9618799999999998;2.14794;2.22113;2.33425;2.55775;2.8685
2018-09-10;1.91913;1.96144;2.1389400000000003;2.21725;2.33425;2.55225;2.86263
2018-09-07;1.91875;1.95938;2.131;2.21088;2.33125;2.5415;2.8455
2018-09-06;1.91838;1.961;2.13256;2.2095;2.32706;2.54419;2.8490599999999997
2018-09-05;1.91875;1.9531900000000002;2.1205;2.20688;2.31681;2.5405599999999997;2.8439400000000004
2018-09-04;1.91363;1.96238;2.12031;2.21188;2.32275;2.539;2.84288
2018-09-03;;1.9586299999999999;2.1095;2.20638;2.31563;2.535;2.83888
2018-08-31;1.91488;1.962;2.11375;2.20613;2.32075;2.53563;2.84
2018-08-30;1.92;1.9596900000000002;2.10375;2.2085;2.32125;2.53388;2.84238
2018-08-29;1.9153799999999999;1.95725;2.0758799999999997;2.195;2.31263;2.5275;2.833
2018-08-28;1.91488;1.95675;2.07488;2.19963;2.31475;2.52825;2.82813
2018-08-24;1.91888;1.959;2.07275;2.196;2.31725;2.523;2.82
2018-08-23;1.91813;1.95513;2.06475;2.197;2.3113799999999998;2.51613;2.812
2018-08-22;1.91775;1.949;2.066;2.1895;2.31175;2.5125;2.808
2018-08-21;1.91963;1.95325;2.06588;2.19138;2.31025;2.51288;2.80775
2018-08-20;1.9175;1.9571900000000002;2.067;2.19125;2.30963;2.50863;2.813
2018-08-17;1.91688;1.96269;2.0693799999999998;2.18588;2.31188;2.51075;2.813
2018-08-16;1.92;1.96006;2.07738;2.19613;2.32225;2.5135;2.81663
2018-08-15;1.91375;1.952;2.06;2.18275;2.31175;2.51063;2.81488
2018-08-14;1.91325;1.95163;2.0635;2.18263;2.3151900000000003;2.51238;2.8135
2018-08-13;1.9125;1.95288;2.0626900000000004;2.1783799999999998;2.31375;2.50763;2.803
2018-08-10;1.9125;1.9518799999999998;2.06675;2.1863799999999998;2.31925;2.51213;2.8155
2018-08-09;1.91625;1.95425;2.06731;2.19238;2.338;2.51713;2.8275
2018-08-08;1.91625;1.95138;2.06344;2.1855;2.3405;2.517;2.82775
2018-08-07;1.9133799999999999;1.95;2.07113;2.18381;2.34144;2.52238;2.8243099999999997
2018-08-06;1.92;1.9505;2.08256;2.17844;2.34325;2.52163;2.82688
2018-08-03;1.915;1.95025;2.07931;2.1823799999999998;2.343;2.52475;2.82738
2018-08-02;1.92025;1.949;2.08019;2.18206;2.3405;2.5305;2.82775
2018-08-01;1.91563;1.94525;2.08213;2.18075;2.34825;2.53363;2.83213
2018-07-31;1.9153799999999999;1.95363;2.08138;2.1790599999999998;2.34856;2.5305;2.82781
2018-07-30;1.916;1.95538;2.0815;2.1736299999999997;2.34313;2.5305;2.82125
2018-07-27;1.91163;1.95325;2.07675;2.16875;2.34238;2.52988;2.82138
2018-07-26;1.91725;1.95275;2.07163;2.17138;2.33888;2.5286299999999997;2.81663
2018-07-25;1.91488;1.9433799999999999;2.07688;2.174;2.33688;2.5225;2.80775
2018-07-24;1.9141299999999999;1.95;2.07013;2.17238;2.33488;2.5225;2.808
2018-07-23;1.91838;1.94938;2.06363;2.16463;2.3353099999999998;2.52088;2.7991900000000003
2018-07-20;1.9135;1.9526299999999999;2.069;2.17938;2.34156;2.52425;2.80163
2018-07-19;1.91225;1.95413;2.081;2.17963;2.34706;2.52725;2.80744
2018-07-18;1.91325;1.95213;2.08625;2.179;2.3475;2.52663;2.80088
2018-07-17;1.91825;1.94913;2.08175;2.17313;2.34194;2.52313;2.79575
2018-07-16;1.9126299999999998;1.9565;2.0785;2.1735;2.33263;2.5185;2.78775
2018-07-13;1.91763;1.9646299999999999;2.07325;2.17338;2.336;2.52088;2.78688
2018-07-12;1.91763;1.9638799999999998;2.07163;2.17313;2.3391900000000003;2.51963;2.78531
2018-07-11;1.91825;1.95675;2.07425;2.17288;2.337;2.51238;2.7784400000000002
2018-07-10;1.91925;1.96163;2.0665;2.16713;2.33744;2.51188;2.78094
2018-07-09;1.92588;1.96;2.0775;2.17175;2.33313;2.50875;2.7759400000000003
2018-07-06;1.92563;1.96875;2.08625;2.16938;2.33144;2.50813;2.77375
2018-07-05;1.92813;1.97269;2.09713;2.1775599999999997;2.3386299999999998;2.52025;2.784
2018-07-04;;1.9726299999999999;2.08725;2.1715;2.33731;2.5059400000000003;2.7734400000000003
2018-07-03;1.92813;1.9730599999999998;2.08588;2.17475;2.33725;2.5068799999999998;2.77313
2018-07-02;1.92975;1.97688;2.09994;2.17319;2.3425;2.50969;2.77156
2018-06-29;1.9353799999999999;1.9790599999999998;2.09025;2.16913;2.33575;2.50125;2.7640599999999997
2018-06-28;1.93325;1.9796900000000002;2.09213;2.17288;2.33738;2.50125;2.76313
2018-06-27;1.93375;1.9810599999999998;2.0935;2.17113;2.33438;2.50063;2.76281
2018-06-26;1.935;1.98688;2.10188;2.16888;2.33563;2.5025;2.77094
2018-06-25;1.93163;1.9875;2.10288;2.1696299999999997;2.337;2.5025;2.76594
2018-06-22;1.928;1.98538;2.09775;2.17881;2.33888;2.5075;2.77688
2018-06-21;1.92788;1.9824400000000002;2.0911299999999997;2.17231;2.33506;2.50438;2.77031
2018-06-20;1.93038;1.9725599999999999;2.08363;2.16525;2.33188;2.50088;2.7725
2018-06-19;1.92888;1.97438;2.0878799999999997;2.15425;2.33025;2.495;2.7625
2018-06-18;1.9255;1.9718799999999999;2.08375;2.1505;2.3246900000000004;2.49688;2.77188
2018-06-15;1.92563;1.9718799999999999;2.08494;2.15175;2.32594;2.50375;2.77219
2018-06-14;1.93563;1.966;2.08506;2.15175;2.33469;2.5028799999999998;2.77188
2018-06-13;1.7126299999999999;1.955;2.07325;2.14925;2.34063;2.50013;2.76688
2018-06-12;1.71325;1.94094;2.05725;2.14675;2.33563;2.49875;2.7646900000000003
2018-06-11;1.7146299999999999;1.90688;2.04738;2.137;2.33263;2.49313;2.75794
2018-06-08;1.715;1.8599900000000003;2.04617;2.13489;2.32631;2.48875;2.74025
2018-06-07;1.71438;1.82625;2.04638;2.13525;2.32713;2.49188;2.75375
2018-06-06;1.7135;1.7726099999999998;2.02961;2.1236599999999997;2.32088;2.48375;2.7408799999999998
2018-06-05;1.712;1.7518799999999999;2.02454;2.12279;2.3191900000000003;2.47963;2.73888
2018-06-04;1.712;1.7518799999999999;2.01297;2.1183799999999997;2.3138099999999997;2.484;2.74011
2018-06-01;1.712;1.75406;2.00468;2.1112599999999997;2.3178099999999997;2.47438;2.7241299999999997
2018-05-31;1.71163;1.7515599999999998;2.0007;2.1068599999999997;2.32125;2.47375;2.71813
2018-05-30;1.71163;1.75;1.9824599999999999;2.0967700000000002;2.3003099999999996;2.4668799999999997;2.7
2018-05-29;1.7085;1.7543799999999998;1.9803099999999998;2.09718;2.3071900000000003;2.47;2.7075
2018-05-25;1.70725;1.75469;1.97563;2.0994200000000003;2.31813;2.48188;2.73137
2018-05-24;1.7085;1.75;1.96827;2.0989;2.3193799999999998;2.485;2.73742
2018-05-23;1.7078799999999998;1.7503099999999998;1.9596900000000002;2.10105;2.33;2.4975;2.75409
2018-05-22;1.7085;1.7515900000000002;1.96538;2.1075;2.33;2.49938;2.76402
2018-05-21;1.706;1.75125;1.96125;2.10675;2.33;2.49875;2.76523
2018-05-18;1.70725;1.75125;1.95275;2.10375;2.32938;2.49875;2.7648200000000003
2018-05-17;1.706;1.75128;1.94775;2.10338;2.33125;2.49938;2.76648
2018-05-16;1.70538;1.75063;1.935;2.09369;2.32563;2.49438;2.7614799999999997
2018-05-15;1.705;1.7543799999999998;1.93875;2.09167;2.32063;2.4925;2.75386
2018-05-14;1.705;1.755;1.93375;2.08569;2.33;2.50063;2.7574799999999997
2018-05-11;1.70625;1.7509400000000002;1.91871;2.08652;2.3425;2.515;2.76579
2018-05-10;1.705;1.755;1.91839;2.09171;2.355;2.51688;2.7681299999999998
2018-05-09;1.705;1.75375;1.92851;2.08636;2.35575;2.5181299999999998;2.77094
2018-05-08;1.705;1.755;1.92851;2.08186;2.3525;2.52375;2.77094
2018-05-04;1.70563;1.755;1.9277;2.08257;2.3690599999999997;2.52019;2.7766599999999997
2018-05-03;1.70438;1.75375;1.9227;2.0847599999999997;2.36313;2.51488;2.77273
2018-05-02;1.70438;1.75128;1.91713;2.08258;2.36294;2.51269;2.77685
2018-05-01;1.70438;1.75048;1.90875;2.07959;2.35375;2.51425;2.76598
2018-04-30;1.7036900000000001;1.75;1.9093200000000001;2.0656;2.36294;2.51175;2.7700400000000003
2018-04-27;1.70438;1.7518799999999999;1.9070099999999999;2.0611099999999998;2.35805;2.51956;2.78031
2018-04-26;1.70313;1.74938;1.9007599999999998;2.05582;2.35878;2.52175;2.76993
2018-04-25;1.70313;1.7475;1.89988;2.06313;2.3656099999999998;2.51925;2.77188
2018-04-24;1.70313;1.7425;1.8982599999999998;2.0606299999999997;2.36167;2.51625;2.76875
2018-04-23;1.70313;1.74375;1.8971099999999999;2.05938;2.35954;2.51563;2.76875
2018-04-20;1.70313;1.7425;1.89695;2.05813;2.3592299999999997;2.51125;2.76031
2018-04-19;1.70313;1.7425;1.8982599999999998;2.05625;2.36156;2.5093799999999997;2.7584400000000002
2018-04-18;1.705;1.7425;1.89707;2.04625;2.35866;2.50313;2.7475
2018-04-17;1.70375;1.7418799999999999;1.89563;2.04188;2.3553900000000003;2.50125;2.74606
2018-04-16;1.70125;1.7425;1.8942599999999998;2.0406299999999997;2.35509;2.50313;2.7440599999999997
2018-04-13;1.7018799999999998;1.73875;1.8955;2.0375;2.35281;2.49;2.7309400000000004
2018-04-12;1.70313;1.74;1.89688;2.0355;2.34769;2.48188;2.71719
2018-04-11;1.7018799999999998;1.73938;1.89563;2.02788;2.34163;2.4725;2.7095
2018-04-10;1.7018799999999998;1.73938;1.89438;2.0253799999999997;2.3390299999999997;2.4675;2.70419
2018-04-09;1.7018799999999998;1.73938;1.89713;2.0235;2.3373;2.47063;2.70356
2018-04-06;1.70313;1.74375;1.89713;2.02225;2.3374599999999996;2.4721900000000003;2.70825
2018-04-05;1.70313;1.74375;1.8951900000000002;2.02188;2.3306299999999998;2.46625;2.70031
2018-04-04;1.7018799999999998;1.74375;1.89063;2.01663;2.32461;2.46;2.68094
2018-04-03;1.69938;1.74063;1.8775;1.9978799999999999;2.32084;2.45988;2.67
2018-03-29;1.69688;1.745;1.88313;1.99944;2.31175;2.4524;2.66263
2018-03-28;1.69875;1.73875;1.88688;2.0034400000000003;2.308;2.44403;2.6595
2018-03-27;1.6975;1.73125;1.8768799999999999;1.9943799999999998;2.302;2.4529900000000002;2.67138
2018-03-26;1.6975;1.73625;1.8768799999999999;1.99688;2.2949599999999997;2.4538;2.672
2018-03-23;1.6975;1.73688;1.875;1.99338;2.29155;2.44971;2.6663799999999998
2018-03-22;1.6975;1.74163;1.8715;1.9915;2.28557;2.4473;2.677
2018-03-21;1.44875;1.73125;1.86125;1.97525;2.27108;2.4342200000000003;2.67638
2018-03-20;1.4475;1.71088;1.85382;1.961;2.2481400000000002;2.40988;2.65138
2018-03-19;1.4475;1.67734;1.84067;1.94675;2.22249;2.3905;2.63325
2018-03-16;1.44625;1.63;1.82207;1.9345;2.20175;2.36363;2.6145
2018-03-15;1.445;1.5890600000000001;1.8082;1.9161299999999999;2.1775;2.34175;2.60138
2018-03-14;1.445;1.51563;1.7863799999999999;1.90075;2.145;2.32113;2.59013
2018-03-13;1.445;1.48875;1.7766;1.89038;2.1245;2.30425;2.57763
2018-03-12;1.445;1.4834399999999999;1.76495;1.88038;2.10688;2.28675;2.56263
2018-03-09;1.44688;1.4825;1.75032;1.87145;2.08875;2.26863;2.5445
2018-03-08;1.44688;1.48;1.73957;1.86058;2.0714;2.25925;2.5326299999999997
2018-03-07;1.44688;1.48219;1.7179400000000002;1.8486099999999999;2.05725;2.2455;2.51856
2018-03-06;1.44688;1.47875;1.7113099999999999;1.8419299999999998;2.0472799999999998;2.24051;2.512
2018-03-05;1.4475;1.47813;1.7017;1.83064;2.0349;2.22929;2.4979400000000003
2018-03-02;1.4475;1.47781;1.6905;1.82686;2.0251900000000003;2.22843;2.49669
2018-03-01;1.44625;1.4775;1.6862;1.82349;2.02457;2.2248799999999997;2.5075
2018-02-28;1.4425;1.47875;1.6700700000000002;1.8139900000000002;2.0171900000000003;2.22375;2.50219
2018-02-27;1.4475;1.475;1.66418;1.80214;2.00625;2.21125;2.48125
2018-02-26;1.4475;1.47375;1.648;1.78893;1.9841900000000001;2.20113;2.46938
2018-02-23;1.44813;1.4725;1.6312;1.77781;1.95625;2.18188;2.45969
2018-02-22;1.44438;1.47125;1.6207;1.7639900000000002;1.94363;2.168;2.4496900000000004
2018-02-21;1.445;1.47125;1.60251;1.7491400000000001;1.91975;2.1455;2.42563
2018-02-20;1.445;1.4725;1.5956299999999999;1.7421900000000001;1.9039400000000002;2.12863;2.40844
2018-02-19;;1.4731299999999998;1.5956299999999999;1.73311;1.8921299999999999;2.11863;2.39813
2018-02-16;1.445;1.47125;1.59375;1.73006;1.88494;2.10613;2.39063
2018-02-15;1.44375;1.4706299999999999;1.59;1.7226599999999999;1.8725;2.0964400000000003;2.38125
2018-02-14;1.44375;1.4718799999999999;1.5881299999999998;1.70593;1.85;2.06283;2.3384400000000003
2018-02-13;1.44375;1.4706299999999999;1.5875;1.6994900000000002;1.83875;2.05715;2.32688
2018-02-12;1.4425;1.46938;1.5875;1.6987900000000002;1.83338;2.0486299999999997;2.31906
2018-02-09;1.44;1.46938;1.5832;1.6888599999999998;1.82;2.03831;2.3134900000000003
2018-02-08;1.43875;1.46861;1.58077;1.68324;1.8105;2.0263299999999997;2.29809
2018-02-07;1.43875;1.46875;1.57932;1.6724400000000001;1.7998900000000002;2.00438;2.28588
2018-02-06;1.43875;1.46875;1.57926;1.6714900000000001;1.7907;1.9918799999999999;2.27825
2018-02-05;1.4393799999999999;1.46871;1.58007;1.67333;1.79345;2.0008;2.2930900000000003
2018-02-02;1.44375;1.46869;1.5795700000000001;1.6689900000000002;1.78902;1.9921400000000002;2.29051
2018-02-01;1.44375;1.46963;1.57946;1.66724;1.78698;1.983;2.29278
2018-01-31;1.4393799999999999;1.47011;1.5797;1.65894;1.77777;1.96625;2.26671
2018-01-30;1.4393799999999999;1.46875;1.5747;1.6576099999999998;1.7734;1.96625;2.26313
2018-01-29;1.4393799999999999;1.4675;1.57345;1.65363;1.77225;1.9671900000000002;2.2640599999999997
2018-01-26;1.43813;1.4675;1.56777;1.6514;1.7669;1.95965;2.24594
2018-01-25;1.43813;1.46813;1.56693;1.6500599999999999;1.7603099999999998;1.9496900000000001;2.24063
2018-01-24;1.4375;1.465;1.5613700000000001;1.6395400000000002;1.75246;1.9373799999999999;2.23063
2018-01-23;1.4375;1.46563;1.56135;1.6393400000000002;1.7452;1.9284400000000002;2.2246900000000003
2018-01-22;1.4375;1.46586;1.5601399999999999;1.6393400000000002;1.7413;1.9255;2.22781
2018-01-19;1.4375;1.46596;1.56128;1.63475;1.74447;1.93175;2.2275
2018-01-18;1.4375;1.46533;1.56118;1.6348200000000002;1.7447;1.9255;2.2275
2018-01-17;1.4375;1.4653399999999999;1.5575;1.63478;1.73918;1.913;2.21438
2018-01-16;1.43875;1.4660600000000001;1.55613;1.6328;1.7340799999999998;1.9040599999999999;2.19563
2018-01-15;;1.46596;1.5561399999999999;1.63255;1.73133;1.89875;2.1886900000000002
2018-01-12;1.4375;1.46581;1.5594700000000001;1.63065;1.7215200000000002;1.88769;2.17313
2018-01-11;1.4375;1.46438;1.55945;1.63063;1.72019;1.88027;2.1640599999999997
2018-01-10;1.43625;1.4647;1.55375;1.6271;1.70911;1.8714400000000002;2.15552
2018-01-09;1.4375;1.46438;1.55375;1.625;1.7045700000000001;1.8651900000000001;2.14633
2018-01-08;1.4375;1.46832;1.55375;1.62372;1.70802;1.8652900000000001;2.15075
2018-01-05;1.4375;1.4697;1.5525;1.62194;1.70393;1.86507;2.14953
2018-01-04;1.4375;1.46971;1.555;1.62068;1.7038099999999998;1.85831;2.1383400000000004
2018-01-03;1.43875;1.4718799999999999;1.5568799999999998;1.6204100000000001;1.69593;1.8426900000000002;2.11782
2018-01-02;1.4375;1.48038;1.56175;1.62205;1.6969299999999998;1.83938;2.10933
2017-12-29;1.42875;1.48038;1.56425;1.62186;1.69428;1.83707;2.10697
2017-12-28;1.4375;1.48413;1.56775;1.62189;1.69465;1.8436299999999999;2.1063400000000003
2017-12-27;1.435;1.4891299999999998;1.569;1.62347;1.6933900000000002;1.843;2.11063
2017-12-22;1.43438;1.486;1.56375;1.61674;1.68577;1.8336299999999999;2.10216
2017-12-21;1.43438;1.47538;1.55213;1.6067;1.6746400000000001;1.8248799999999998;2.09091
2017-12-20;1.43438;1.4580600000000001;1.53488;1.58629;1.65793;1.81413;2.08366
2017-12-19;1.43313;1.45658;1.5111299999999999;1.56025;1.6420299999999999;1.7883;2.06888
2017-12-18;1.43313;1.45533;1.5011299999999999;1.54905;1.62548;1.7817;2.05825
2017-12-15;1.43313;1.45386;1.495;1.53863;1.61331;1.77443;2.04763
2017-12-14;1.4275;1.44918;1.49078;1.52997;1.6004200000000002;1.7676900000000002;2.04263
2017-12-13;1.1825;1.43475;1.4770299999999998;1.5218200000000002;1.58849;1.75575;2.03856
2017-12-12;1.1825;1.42375;1.47195;1.51217;1.57352;1.7476900000000002;2.02825
2017-12-11;1.1825;1.38151;1.45951;1.5021799999999998;1.5634700000000001;1.73535;2.01356
2017-12-08;1.1825;1.34168;1.44438;1.4884899999999999;1.5487799999999998;1.7298799999999999;2.01075
2017-12-07;1.1825;1.29936;1.43185;1.47638;1.53606;1.7225;1.99731
2017-12-06;1.1825;1.22813;1.40688;1.46409;1.52263;1.71445;1.98825
2017-12-05;1.1825;1.21444;1.40319;1.459;1.51532;1.71125;1.9895
2017-12-04;1.1825;1.2131299999999998;1.39181;1.453;1.5084899999999999;1.69313;1.9816900000000002
2017-12-01;1.1825;1.21014;1.3793799999999998;1.4415;1.49463;1.67425;1.9604400000000002
2017-11-30;1.18;1.20688;1.37188;1.4353799999999999;1.48738;1.668;1.9516900000000001
2017-11-29;1.18625;1.205;1.36069;1.427;1.48063;1.6605;1.94481
2017-11-28;1.185;1.2021899999999999;1.34978;1.42275;1.47882;1.6573799999999999;1.93798
2017-11-27;1.18375;1.20106;1.34676;1.41713;1.47725;1.65832;1.9429400000000001
2017-11-24;1.18375;1.20341;1.33756;1.4121299999999999;1.46763;1.6539400000000002;1.93606
2017-11-23;;1.2008;1.3286200000000001;1.40767;1.4620600000000001;1.6521099999999997;1.9301099999999998
2017-11-22;1.18278;1.19969;1.3275;1.40578;1.46233;1.6521099999999997;1.934
2017-11-21;1.18278;1.20212;1.31287;1.39726;1.454;1.6448900000000002;1.92733
2017-11-20;1.18278;1.20367;1.2941799999999999;1.3883299999999998;1.44594;1.63489;1.9084400000000001
2017-11-17;1.18278;1.2026700000000001;1.28719;1.38278;1.4406700000000001;1.63211;1.90622
2017-11-16;1.18278;1.2037200000000001;1.28267;1.37944;1.43567;1.63171;1.90067
2017-11-15;1.18278;1.20356;1.266;1.36406;1.4219;1.6181;1.88622
2017-11-14;1.18278;1.2040600000000001;1.2635;1.361;1.41899;1.62208;1.89261
2017-11-13;1.18278;1.2035;1.2502799999999998;1.356;1.4158600000000001;1.61618;1.88428
2017-11-10;1.18333;1.20422;1.24606;1.35433;1.41289;1.61461;1.8815
2017-11-09;1.18333;1.20272;1.24494;1.3521100000000001;1.41289;1.61239;1.88178
2017-11-08;1.18333;1.205;1.24606;1.3416700000000001;1.40981;1.60162;1.87317
2017-11-07;1.1838899999999999;1.2055;1.24389;1.33944;1.40258;1.59809;1.86844
2017-11-06;1.1838899999999999;1.205;1.24424;1.3347200000000001;1.39703;1.59406;1.86428
2017-11-03;1.18444;1.20444;1.24322;1.33389;1.39194;1.59017;1.8628900000000002
2017-11-02;1.1838899999999999;1.2046700000000001;1.2421200000000001;1.33267;1.39139;1.58907;1.86317
2017-11-01;1.18222;1.20656;1.2433299999999998;1.32169;1.38483;1.57979;1.8559400000000001
2017-10-31;1.18222;1.20767;1.2433299999999998;1.31841;1.3812200000000001;1.57511;1.84844
2017-10-30;1.185;1.2046700000000001;1.24214;1.3161;1.37678;1.5730600000000001;1.84233
2017-10-27;1.18444;1.20326;1.24233;1.31376;1.38009;1.57267;1.8478900000000003
2017-10-26;1.18444;1.20517;1.24166;1.3121200000000002;1.37796;1.56447;1.8428900000000001
2017-10-25;1.18444;1.2024700000000001;1.23999;1.30723;1.37446;1.56219;1.8445599999999998
2017-10-24;1.18444;1.20239;1.23955;1.30431;1.3706399999999999;1.56444;1.8345599999999997
2017-10-23;1.18444;1.2017200000000001;1.2378799999999999;1.29965;1.36742;1.5607799999999998;1.8351099999999998
2017-10-20;1.18444;1.20444;1.2378799999999999;1.29504;1.36476;1.5548899999999999;1.83122
2017-10-19;1.185;1.20557;1.23888;1.29197;1.3625;1.55069;1.8278900000000002
2017-10-18;1.18444;1.20494;1.23888;1.283;1.36261;1.55055;1.8345599999999997
2017-10-17;1.18444;1.2066700000000001;1.23777;1.28044;1.35733;1.54522;1.82122
2017-10-16;1.18444;1.20594;1.23666;1.2768899999999999;1.35389;1.53316;1.8095599999999998
2017-10-13;1.18444;1.20444;1.2366700000000002;1.27744;1.35333;1.53433;1.8128900000000001
2017-10-12;1.18444;1.205;1.23889;1.27744;1.35917;1.53156;1.80844
2017-10-11;1.18333;1.20389;1.23889;1.273;1.35861;1.5293299999999999;1.8095599999999998
2017-10-10;1.18167;1.205;1.2377799999999999;1.27189;1.35667;1.52433;1.8067799999999998
2017-10-09;;1.20333;1.23722;1.27189;1.35639;1.5248899999999999;1.809
2017-10-06;1.18222;1.20222;1.235;1.2713299999999998;1.35028;1.51878;1.80456
2017-10-05;1.18222;1.20222;1.2377799999999999;1.27217;1.34861;1.5135;1.8001099999999999
2017-10-04;1.18222;1.20167;1.2377799999999999;1.2722200000000001;1.34667;1.51406;1.7978900000000002
2017-10-03;1.18056;1.20333;1.2377799999999999;1.27111;1.3425;1.5157200000000002;1.79872
2017-10-02;1.18;1.20333;1.23333;1.26944;1.33556;1.5093299999999998;1.79067
2017-09-29;1.18167;1.205;1.23222;1.26944;1.33389;1.506;1.78233
2017-09-28;1.18111;1.20167;1.235;1.26944;1.335;1.50944;1.78678
2017-09-27;1.18;1.1972200000000002;1.235;1.2722200000000001;1.3327799999999999;1.50389;1.7853900000000003
2017-09-26;1.1783299999999999;1.19556;1.23444;1.27167;1.33083;1.49711;1.77567
2017-09-25;1.1783299999999999;1.19444;1.2366700000000002;1.26944;1.32972;1.49711;1.77483
2017-09-22;1.17889;1.19444;1.23833;1.2722200000000001;1.32944;1.4968299999999999;1.7753900000000002
2017-09-21;1.17889;1.19444;1.23722;1.2733299999999999;1.32833;1.491;1.76761
2017-09-20;1.17889;1.19556;1.23556;1.27278;1.3230600000000001;1.48;1.7473299999999998
2017-09-19;1.17889;1.1966700000000001;1.23722;1.27167;1.3261100000000001;1.47861;1.7442799999999998
2017-09-18;1.17889;1.19556;1.23611;1.26944;1.325;1.47444;1.73983
2017-09-15;1.17889;1.19611;1.23722;1.27278;1.32389;1.4711100000000001;1.73206
2017-09-14;1.17889;1.1966700000000001;1.23444;1.27167;1.32111;1.45861;1.7195599999999998
2017-09-13;1.1772200000000002;1.19556;1.23444;1.27167;1.32;1.45583;1.71233
2017-09-12;1.1777799999999998;1.1966700000000001;1.2366700000000002;1.2722200000000001;1.3191700000000002;1.45444;1.7095599999999997
2017-09-11;1.1777799999999998;1.1966700000000001;1.23611;1.272;1.31667;1.44933;1.699
2017-09-08;1.1772200000000002;1.195;1.23611;1.27178;1.31033;1.44767;1.69511
2017-09-07;1.17611;1.195;1.235;1.27389;1.31722;1.45167;1.709
2017-09-06;1.17611;1.195;1.23222;1.275;1.31722;1.45222;1.7078900000000001
2017-09-05;1.1777799999999998;1.1966700000000001;1.23111;1.275;1.31722;1.455;1.7145599999999999
2017-09-04;;1.1972200000000002;1.23167;1.27389;1.3161100000000001;1.45389;1.7128900000000002
2017-09-01;1.1772200000000002;1.20056;1.23056;1.27389;1.3161100000000001;1.45333;1.7117799999999999
2017-08-31;1.17556;1.20167;1.23167;1.27556;1.31778;1.45389;1.71344
2017-08-30;1.1777799999999998;1.20167;1.23722;1.27556;1.3161100000000001;1.45333;1.7117799999999999
2017-08-29;1.1783299999999999;1.20167;1.23889;1.27556;1.31694;1.45167;1.714
2017-08-25;1.1777799999999998;1.1966700000000001;1.23556;1.27111;1.31778;1.455;1.7278900000000001
2017-08-24;1.1777799999999998;1.1966700000000001;1.23389;1.27;1.31722;1.45389;1.72344
2017-08-23;1.1777799999999998;1.19444;1.23444;1.26833;1.31722;1.45556;1.7278900000000001
2017-08-22;1.1777799999999998;1.1972200000000002;1.23611;1.26389;1.31722;1.45611;1.72733
2017-08-21;1.1777799999999998;1.1977799999999998;1.23556;1.26389;1.31444;1.45639;1.72733
2017-08-18;1.1772200000000002;1.19944;1.235;1.26389;1.31472;1.45639;1.72622
2017-08-17;1.1777799999999998;1.1977799999999998;1.23056;1.26389;1.31639;1.4572200000000002;1.73289
2017-08-16;1.17889;1.1972200000000002;1.22833;1.26278;1.31667;1.45944;1.73622
2017-08-15;1.1777799999999998;1.1972200000000002;1.22833;1.2622200000000001;1.31417;1.45333;1.7278900000000001
2017-08-14;1.1777799999999998;1.1972200000000002;1.2277799999999999;1.2622200000000001;1.31417;1.45;1.7178900000000001
2017-08-11;1.1777799999999998;1.19889;1.2266700000000001;1.26111;1.315;1.45583;1.7245599999999999
2017-08-10;1.1777799999999998;1.1966700000000001;1.22889;1.2622200000000001;1.30911;1.45278;1.7284400000000002
2017-08-09;1.1777799999999998;1.1966700000000001;1.22889;1.26;1.3091700000000002;1.45222;1.7278900000000001
2017-08-08;1.1777799999999998;1.19611;1.23056;1.25944;1.30944;1.45222;1.7301099999999998
2017-08-07;1.1772200000000002;1.1972200000000002;1.22889;1.25944;1.31139;1.45222;1.73233
2017-08-04;1.1777799999999998;1.19944;1.22889;1.25944;1.3119399999999999;1.44944;1.7228900000000003
2017-08-03;1.1772200000000002;1.19611;1.23056;1.25778;1.3116700000000001;1.4511100000000001;1.72567
2017-08-02;1.1772200000000002;1.1977799999999998;1.23056;1.25778;1.3127799999999998;1.45167;1.72567
2017-08-01;1.17556;1.19611;1.23167;1.25611;1.31056;1.45167;1.72567
2017-07-31;1.17611;1.1966700000000001;1.23167;1.25556;1.31056;1.455;1.72733
2017-07-28;1.1783299999999999;1.1966700000000001;1.23167;1.25833;1.31056;1.455;1.729
2017-07-27;1.1772200000000002;1.19444;1.23389;1.25722;1.31111;1.45444;1.7295599999999998
2017-07-26;1.1777799999999998;1.19389;1.23333;1.25778;1.31389;1.4572200000000002;1.73622
2017-07-25;1.18;1.19389;1.23278;1.2566700000000002;1.31667;1.45389;1.739
2017-07-24;1.17889;1.19444;1.23278;1.26;1.31389;1.45278;1.73567
2017-07-21;1.17889;1.19222;1.23222;1.2605600000000001;1.31444;1.45306;1.73567
2017-07-20;1.17889;1.19056;1.22722;1.25833;1.3125;1.456;1.7378900000000002
2017-07-19;1.17889;1.19;1.22889;1.25722;1.30722;1.4532200000000002;1.73344
2017-07-18;1.1772200000000002;1.18944;1.2277799999999999;1.2566700000000002;1.30694;1.456;1.73344
2017-07-17;1.1777799999999998;1.1911100000000001;1.22833;1.2566700000000002;1.30611;1.4532200000000002;1.73289
2017-07-14;1.1772200000000002;1.18889;1.22611;1.2566700000000002;1.30361;1.456;1.73983
2017-07-13;1.1783299999999999;1.18889;1.22556;1.25722;1.30361;1.456;1.7378900000000002
2017-07-12;1.1783299999999999;1.18889;1.22444;1.25778;1.30389;1.46044;1.74594
2017-07-11;1.1772200000000002;1.18889;1.22389;1.255;1.3035;1.4626700000000001;1.75233
2017-07-10;1.17444;1.18889;1.22389;1.255;1.30411;1.46211;1.7509400000000002
2017-07-07;1.1738899999999999;1.19;1.22633;1.255;1.30522;1.4654399999999999;1.75761
2017-07-06;1.1738899999999999;1.1911100000000001;1.22444;1.255;1.30411;1.4654399999999999;1.7573299999999998
2017-07-05;1.1738899999999999;1.1911100000000001;1.22333;1.25556;1.303;1.4571100000000001;1.75122
2017-07-04;1.17167;1.19056;1.22333;1.25389;1.30211;1.45767;1.75122
2017-07-03;1.17167;1.1883299999999999;1.22689;1.25389;1.30072;1.456;1.7484400000000002
2017-06-30;1.16167;1.19;1.22389;1.2533299999999998;1.2991700000000002;1.44767;1.7384400000000002
2017-06-29;1.17333;1.19056;1.22722;1.25444;1.29861;1.44822;1.7395599999999998
2017-06-28;1.17667;1.18889;1.22611;1.25444;1.29639;1.44656;1.73678
2017-06-27;1.17611;1.18889;1.2237799999999999;1.25222;1.29506;1.4468299999999998;1.73289
2017-06-26;1.17611;1.1877799999999998;1.22211;1.25222;1.29483;1.44639;1.7345599999999999
2017-06-23;1.17667;1.18611;1.22;1.25111;1.29328;1.445;1.73344
2017-06-22;1.1772200000000002;1.195;1.21611;1.25111;1.29556;1.44861;1.73817
2017-06-21;1.1772200000000002;1.19222;1.21556;1.2505600000000001;1.28944;1.445;1.7353900000000002
2017-06-20;1.17611;1.19389;1.21556;1.2494399999999999;1.28722;1.43961;1.73594
2017-06-19;1.17667;1.19278;1.21389;1.24611;1.2802200000000001;1.4332200000000002;1.7284400000000002
2017-06-16;1.1772200000000002;1.19;1.21222;1.24389;1.27356;1.43267;1.73233
2017-06-15;1.175;1.1883299999999999;1.20944;1.23833;1.26744;1.42711;1.7295599999999998
2017-06-14;0.93111;1.1618899999999999;1.17167;1.2011100000000001;1.25033;1.426;1.73622
2017-06-13;0.93111;1.15111;1.15889;1.19167;1.24556;1.4232200000000002;1.73567
2017-06-12;0.93111;1.11211;1.13933;1.18167;1.24167;1.42183;1.73567
2017-06-09;0.93111;1.076;1.12711;1.17278;1.23644;1.41683;1.7284400000000002
2017-06-08;0.93056;1.03544;1.11711;1.16278;1.22811;1.41544;1.7284400000000002
2017-06-07;0.93111;0.975;1.096;1.15167;1.221;1.41406;1.724
2017-06-06;0.93056;0.9532200000000001;1.08867;1.145;1.219;1.41711;1.7228900000000003
2017-06-05;0.93111;0.951;1.0842200000000002;1.14167;1.21956;1.41822;1.72567
2017-06-02;0.93111;0.9515600000000001;1.08617;1.14306;1.2225;1.42822;1.7306700000000002
2017-06-01;0.93111;0.9515600000000001;1.07589;1.1347200000000002;1.2180600000000001;1.42239;1.7265
2017-05-31;0.92889;0.9515600000000001;1.06033;1.1258299999999999;1.21;1.41878;1.7237200000000001
2017-05-30;0.93111;0.9506100000000001;1.0505;1.1144399999999999;1.2017799999999998;1.41489;1.7215
2017-05-26;0.93;0.9492200000000001;1.04467;1.12083;1.2017799999999998;1.41378;1.72122
2017-05-25;0.93;0.9496700000000001;1.04383;1.12028;1.20039;1.41794;1.7228900000000003
2017-05-24;0.93056;0.9496700000000001;1.03272;1.11056;1.19761;1.41739;1.72567
2017-05-23;0.93056;0.94944;1.02356;1.1013899999999999;1.1886700000000001;1.4135;1.7195599999999998
2017-05-22;0.92889;0.9483299999999999;1.02939;1.09889;1.192;1.41933;1.7265
2017-05-19;0.92889;0.9475;1.01711;1.0961100000000001;1.18644;1.41517;1.7228900000000003
2017-05-18;0.9277799999999999;0.9472200000000001;1.00994;1.07639;1.17172;1.39906;1.7045599999999999
2017-05-17;0.9283299999999999;0.9466700000000001;1.00356;1.07833;1.17839;1.41406;1.73289
2017-05-16;0.9283299999999999;0.9466700000000001;0.99911;1.07833;1.18117;1.42044;1.7453900000000002
2017-05-15;0.92889;0.94778;1.00078;1.07556;1.17944;1.42267;1.74511
2017-05-12;0.9283299999999999;0.9466700000000001;0.99244;1.07778;1.17956;1.43656;1.76567
2017-05-11;0.9283299999999999;0.9455600000000001;0.98911;1.07833;1.1817799999999998;1.43933;1.78567
2017-05-10;0.9283299999999999;0.9472200000000001;0.98856;1.07028;1.1809399999999999;1.44211;1.78761
2017-05-09;0.92722;0.9466700000000001;0.98856;1.07;1.182;1.44517;1.79067
2017-05-08;0.9277799999999999;0.9466700000000001;0.99411;1.06833;1.18456;1.4368299999999998;1.78817
2017-05-05;0.9277799999999999;0.9472200000000001;0.99444;1.06;1.18039;1.43267;1.779
2017-05-04;0.9277799999999999;0.9475;0.9927799999999999;1.06028;1.1792799999999999;1.436;1.78067
2017-05-03;0.92722;0.9483299999999999;0.99167;1.04611;1.1712200000000001;1.42739;1.7701099999999999
2017-05-02;0.9266700000000001;0.94778;0.9927799999999999;1.04361;1.17372;1.43239;1.7801099999999999
2017-04-28;0.9294399999999999;0.95;0.995;1.03722;1.1723299999999999;1.42628;1.774
2017-04-27;0.93056;0.9466700000000001;0.995;1.03722;1.16956;1.43044;1.7765
2017-04-26;0.9302799999999999;0.94611;0.9927799999999999;1.04;1.1717799999999998;1.43111;1.78289
2017-04-25;0.9283299999999999;0.945;0.9922200000000001;1.04056;1.17039;1.42361;1.77483
2017-04-24;0.9266700000000001;0.945;0.99111;1.04611;1.1665;1.42072;1.76817
2017-04-21;0.9294399999999999;0.945;0.99056;1.04;1.15622;1.40211;1.7445599999999999
2017-04-20;0.9294399999999999;0.94389;0.9883299999999999;1.04056;1.15317;1.39406;1.73928
2017-04-19;0.93;0.94611;0.99111;1.03611;1.15567;1.3907200000000002;1.73567
2017-04-18;0.93;0.9472200000000001;0.9927799999999999;1.03667;1.15622;1.39767;1.76122
2017-04-13;0.92611;0.9455600000000001;0.99444;1.035;1.15844;1.4032200000000001;1.77178
2017-04-12;0.9277799999999999;0.9472200000000001;0.9938899999999999;1.0333299999999999;1.15844;1.41044;1.7834400000000001
2017-04-11;0.92722;0.9472200000000001;0.99;1.02722;1.15511;1.41544;1.789
2017-04-07;0.93056;0.9472200000000001;0.99;1.02611;1.15761;1.42961;1.799
2017-04-06;0.93;0.9472200000000001;0.98944;1.02667;1.15539;1.426;1.79817
2017-04-05;0.93111;0.94778;0.98556;1.02722;1.15039;1.4229399999999999;1.79594
2017-04-04;0.93;0.94889;0.98611;1.02833;1.14983;1.42572;1.79178
2017-04-03;0.92722;0.9522200000000001;0.9833299999999999;1.02556;1.14983;1.42628;1.8026099999999998
2017-03-31;0.9216700000000001;0.95111;0.9827799999999999;1.025;1.1495600000000001;1.4232200000000002;1.80178
2017-03-30;0.9266700000000001;0.95667;0.9827799999999999;1.02556;1.14761;1.41878;1.7934400000000001
2017-03-29;0.92556;0.94778;0.9822200000000001;1.02444;1.14678;1.4198899999999999;1.794
2017-03-28;0.925;0.94389;0.9822200000000001;1.0205600000000001;1.15222;1.42489;1.79817
2017-03-27;0.9244399999999999;0.94389;0.9822200000000001;1.02278;1.1518899999999999;1.4243299999999999;1.7970599999999999
2017-03-24;0.9266700000000001;0.94389;0.9827799999999999;1.02278;1.1512799999999999;1.42711;1.80289
2017-03-23;0.92611;0.94389;0.98167;1.02;1.15289;1.42794;1.80372
2017-03-22;0.9266700000000001;0.945;0.9838899999999999;1.02389;1.15678;1.4312799999999999;1.8067799999999998
2017-03-21;0.9253299999999999;0.94611;0.9772200000000001;1.02;1.15622;1.4337799999999998;1.81539
2017-03-20;0.9264399999999999;0.9466700000000001;0.9772200000000001;1.02;1.15622;1.43489;1.81594
2017-03-17;0.92422;0.94611;0.97611;1.02167;1.15178;1.43156;1.8131700000000002
2017-03-16;0.9257799999999999;0.9456700000000001;0.9783299999999999;1.01556;1.15178;1.431;1.81428
2017-03-15;0.68667;0.9227799999999999;0.94278;0.9872200000000001;1.1481700000000001;1.43822;1.82761
2017-03-14;0.68689;0.90889;0.9283299999999999;0.9772200000000001;1.13733;1.43239;1.8234400000000002
2017-03-13;0.68278;0.87889;0.91222;0.96944;1.1312200000000001;1.43211;1.82122
2017-03-10;0.68189;0.84611;0.89056;0.9583299999999999;1.12122;1.426;1.81844
2017-03-09;0.68211;0.81567;0.88139;0.9483299999999999;1.11956;1.4301700000000002;1.81428
2017-03-08;0.68211;0.735;0.8577799999999999;0.93222;1.109;1.421;1.80122
2017-03-07;0.68278;0.7138899999999999;0.85444;0.92889;1.10622;1.42044;1.7998299999999998
2017-03-06;0.68278;0.71;0.84667;0.92556;1.10622;1.421;1.8001099999999999
2017-03-03;0.68278;0.71;0.83444;0.91333;1.1016700000000001;1.42267;1.80817
2017-03-02;0.68278;0.71167;0.83;0.905;1.1;1.416;1.79817
2017-03-01;0.68167;0.71111;0.8105600000000001;0.89333;1.0927799999999999;1.40628;1.78983
2017-02-28;0.68056;0.71111;0.78889;0.8627799999999999;1.064;1.37489;1.7562200000000001
2017-02-27;0.68333;0.71167;0.7844399999999999;0.85167;1.05456;1.3612799999999998;1.73983
2017-02-24;0.68278;0.71111;0.78056;0.85167;1.054;1.3607200000000002;1.7395599999999998
2017-02-23;0.68333;0.71222;0.77833;0.8522200000000001;1.05233;1.36239;1.7442799999999998
2017-02-22;0.68333;0.7138899999999999;0.7794399999999999;0.85444;1.054;1.36294;1.74567
2017-02-21;0.68611;0.71444;0.7794399999999999;0.8533299999999999;1.05344;1.36239;1.7453900000000002
2017-02-20;0.68611;0.71444;0.77722;0.85111;1.05011;1.35711;1.7353900000000002
2017-02-17;0.68611;0.71444;0.7794399999999999;0.8533299999999999;1.05233;1.3573899999999999;1.7353900000000002
2017-02-16;0.68611;0.7188899999999999;0.78056;0.8583299999999999;1.0565;1.36378;1.74511
2017-02-15;0.6855600000000001;0.71778;0.77222;0.85111;1.04178;1.34406;1.724
2017-02-14;0.6872199999999999;0.715;0.77;0.84778;1.0373299999999999;1.33656;1.7078900000000001
2017-02-13;0.6872199999999999;0.71528;0.77;0.84778;1.039;1.33794;1.71039
2017-02-10;0.6877800000000001;0.71417;0.7711100000000001;0.8455600000000001;1.0362200000000001;1.33822;1.70261
2017-02-09;0.68667;0.71611;0.77056;0.84;1.03372;1.33489;1.694
2017-02-08;0.68667;0.71972;0.77167;0.8383299999999999;1.03372;1.33794;1.7001099999999998
2017-02-07;0.6877800000000001;0.72111;0.77278;0.83778;1.03817;1.3435;1.70511
2017-02-06;0.68833;0.72222;0.77528;0.83944;1.03844;1.34406;1.70733
2017-02-03;0.6927800000000001;0.72167;0.77556;0.84111;1.034;1.34989;1.71344
2017-02-02;0.68833;0.7205600000000001;0.77667;0.84111;1.03372;1.3487799999999999;1.71233
2017-02-01;0.69111;0.7215;0.78;0.84167;1.0345600000000001;1.3504399999999999;1.71511
2017-01-31;0.69;0.7215;0.7794399999999999;0.83944;1.0345600000000001;1.3473899999999999;1.71344
2017-01-30;0.69167;0.72206;0.78;0.84111;1.034;1.35656;1.7248299999999999
2017-01-27;0.69;0.72011;0.77833;0.8422200000000001;1.039;1.3587799999999999;1.724
2017-01-26;0.6872199999999999;0.72178;0.7761100000000001;0.8422200000000001;1.039;1.3618299999999999;1.72817
2017-01-25;0.68833;0.72344;0.7761100000000001;0.8455600000000001;1.0373299999999999;1.35683;1.71872
2017-01-24;0.68833;0.7228899999999999;0.7733300000000001;0.845;1.03178;1.34572;1.70733
2017-01-23;0.68889;0.72206;0.7711100000000001;0.8469399999999999;1.03789;1.35239;1.72122
2017-01-20;0.68833;0.72344;0.77528;0.85056;1.04344;1.35822;1.73289
2017-01-19;0.69;0.724;0.7763899999999999;0.85111;1.04122;1.35156;1.72817
2017-01-18;0.6894399999999999;0.72428;0.77667;0.84806;1.03011;1.3385;1.71039
2017-01-17;0.69;0.72033;0.76944;0.83778;1.02483;1.33239;1.70233
2017-01-16;0.6927800000000001;0.71944;0.76778;0.83667;1.02372;1.33294;1.7017799999999998
2017-01-13;0.6927800000000001;0.72078;0.7683300000000001;0.835;1.0231700000000001;1.33156;1.6984400000000002
2017-01-12;0.6927800000000001;0.71733;0.76722;0.83444;1.02178;1.33267;1.6978900000000001
2017-01-11;0.6927800000000001;0.71733;0.76722;0.8333299999999999;1.02178;1.33461;1.7028900000000002
2017-01-10;0.69333;0.7195600000000001;0.765;0.83167;1.01789;1.33378;1.7017799999999998
2017-01-09;0.693;0.71844;0.7633300000000001;0.83167;1.01483;1.33156;1.7006700000000001
2017-01-06;0.691;0.71811;0.7633300000000001;0.82778;1.01011;1.32433;1.6845599999999998
2017-01-05;0.69222;0.71867;0.76556;0.82444;1.00928;1.321;1.689
2017-01-04;0.6904399999999999;0.71833;0.76556;0.82278;1.00511;1.32156;1.689
2017-01-03;0.69544;0.72333;0.7733300000000001;0.82;0.99872;1.3176700000000001;1.689
2016-12-30;0.69211;0.72333;0.77167;0.81944;0.9978899999999999;1.3176700000000001;1.68567
2016-12-29;0.6882199999999999;0.72333;0.7711100000000001;0.81944;0.9978899999999999;1.3176700000000001;1.68733
2016-12-28;0.6865600000000001;0.71533;0.77;0.81611;0.9981700000000001;1.3176700000000001;1.6901099999999998
2016-12-23;0.6937800000000001;0.71144;0.7611100000000001;0.8144399999999999;0.9970600000000001;1.31656;1.68956
2016-12-22;0.6865600000000001;0.71144;0.7561100000000001;0.81333;0.9970600000000001;1.316;1.6878900000000001
2016-12-21;0.686;0.70778;0.755;0.81139;0.99761;1.316;1.68956
2016-12-20;0.68378;0.705;0.749;0.8105600000000001;0.9962200000000001;1.32044;1.6906700000000001
2016-12-19;0.68111;0.70306;0.744;0.81;0.9942799999999999;1.3176700000000001;1.6917799999999998
2016-12-16;0.68389;0.70444;0.739;0.8094399999999999;0.9973299999999999;1.31989;1.69344
2016-12-15;0.67889;0.70389;0.73622;0.80611;0.9931700000000001;1.32267;1.69956
2016-12-14;0.43867;0.68406;0.70728;0.78778;0.97039;1.2982200000000002;1.6545599999999998
2016-12-13;0.437;0.6731699999999999;0.70389;0.7825;0.96344;1.2982200000000002;1.654
2016-12-12;0.437;0.64544;0.69472;0.775;0.9587200000000001;1.2987799999999998;1.6545599999999998
2016-12-09;0.43422;0.60822;0.68;0.7713899999999999;0.9565;1.296;1.6484400000000001
2016-12-08;0.43311000000000005;0.56628;0.66389;0.76583;0.95306;1.29322;1.6445599999999998
2016-12-07;0.43367;0.49378;0.65417;0.75639;0.95083;1.29322;1.6451099999999999
2016-12-06;0.43422;0.47043999999999997;0.64889;0.75361;0.95083;1.29322;1.64567
2016-12-05;0.43478;0.46156;0.65194;0.75139;0.94806;1.291;1.644
2016-12-02;0.43478;0.461;0.64667;0.74861;0.94639;1.29156;1.6445599999999998
2016-12-01;0.43422;0.45821999999999996;0.6345;0.7438899999999999;0.9416700000000001;1.291;1.6434400000000002
2016-11-30;0.43056000000000005;0.45821999999999996;0.62367;0.7425;0.9341700000000001;1.28878;1.639
2016-11-29;0.43422;0.46043999999999996;0.6167199999999999;0.73444;0.9306700000000001;1.29267;1.64067
2016-11-28;0.43422;0.45878;0.60561;0.7319399999999999;0.93511;1.28989;1.6412200000000001
2016-11-25;0.43478;0.45821999999999996;0.6058899999999999;0.7319399999999999;0.9373299999999999;1.28989;1.6451099999999999
2016-11-24;0.43422;0.45821999999999996;0.60256;0.7338899999999999;0.93706;1.28878;1.6434400000000002
2016-11-23;0.43422;0.45588999999999996;0.592;0.72583;0.93011;1.27989;1.6295600000000001
2016-11-22;0.43367;0.45811;0.58422;0.72028;0.9248299999999999;1.2782200000000001;1.62789
2016-11-21;0.43367;0.45978;0.5677800000000001;0.7105600000000001;0.9198299999999999;1.27433;1.62289
2016-11-18;0.43367;0.45978;0.566;0.70667;0.91622;1.2793299999999999;1.62067
2016-11-17;0.43456000000000006;0.45921999999999996;0.5617800000000001;0.70333;0.91122;1.2748899999999999;1.60456
2016-11-16;0.43288999999999994;0.457;0.55456;0.69889;0.9087200000000001;1.27544;1.61178
2016-11-15;0.43288999999999994;0.45893999999999996;0.55011;0.69389;0.90622;1.27211;1.60456
2016-11-14;0.43343999999999994;0.45921999999999996;0.54206;0.70167;0.91122;1.2748899999999999;1.61011
2016-11-11;0.43233;0.45921999999999996;0.53817;0.69489;0.9056700000000001;1.26211;1.58789
2016-11-10;0.43233;0.45978;0.53817;0.69194;0.9020600000000001;1.2582200000000001;1.58344
2016-11-09;0.43233;0.45728;0.5364399999999999;0.6761699999999999;0.8865;1.2426700000000002;1.5562200000000002
2016-11-08;0.434;0.45978;0.537;0.6761699999999999;0.88233;1.25378;1.56789
2016-11-07;0.43456000000000006;0.45893999999999996;0.53533;0.67061;0.8867799999999999;1.25156;1.56844
2016-11-04;0.43511000000000005;0.45838999999999996;0.53533;0.66811;0.88261;1.2454399999999999;1.559
2016-11-03;0.43678;0.4595;0.53256;0.6664399999999999;0.88094;1.24711;1.56011
2016-11-02;0.43733;0.46033;0.532;0.66556;0.8756700000000001;1.24822;1.56511
2016-11-01;0.43456000000000006;0.45866999999999997;0.5304399999999999;0.66833;0.88094;1.2565600000000001;1.5756700000000001
2016-10-31;0.43343999999999994;0.45978;0.53378;0.67111;0.88428;1.256;1.57511
2016-10-28;0.43543999999999994;0.45978;0.53267;0.6722199999999999;0.88594;1.2582200000000001;1.58233
2016-10-27;0.43488999999999994;0.457;0.53433;0.67278;0.88733;1.25878;1.58233
2016-10-26;0.43433;0.45588999999999996;0.53478;0.67;0.89039;1.261;1.57956
2016-10-25;0.43433;0.45478;0.53589;0.6694399999999999;0.8856700000000001;1.26044;1.57844
2016-10-24;0.43211000000000005;0.45588999999999996;0.534;0.66889;0.8837200000000001;1.2557200000000002;1.57067
2016-10-21;0.43322;0.45643999999999996;0.534;0.66722;0.8817799999999999;1.25711;1.57178
2016-10-20;0.43322;0.45756;0.524;0.66722;0.8817799999999999;1.2562799999999998;1.5662200000000002
2016-10-19;0.43378;0.45756;0.52456;0.6611100000000001;0.8806700000000001;1.2557200000000002;1.564
2016-10-18;0.43322;0.45811;0.52567;0.6611100000000001;0.8812200000000001;1.26072;1.57122
2016-10-17;0.43322;0.46033;0.52789;0.6611100000000001;0.87761;1.26433;1.58067
2016-10-14;0.43044;0.45921999999999996;0.53567;0.65789;0.8816700000000001;1.2622799999999998;1.5856700000000001
2016-10-13;0.431;0.45866999999999997;0.53456;0.65789;0.88;1.2622799999999998;1.58733
2016-10-12;0.42878;0.45866999999999997;0.53456;0.654;0.8811100000000001;1.26367;1.5956700000000001
2016-10-11;0.42767;0.45643999999999996;0.53067;0.65389;0.8775;1.2635;1.59122
2016-10-10;0.42656000000000005;0.45533;0.52956;0.65278;0.87389;1.26033;1.58622
2016-10-07;0.42656000000000005;0.45533;0.529;0.65589;0.8760600000000001;1.2622200000000001;1.58711
2016-10-06;0.42878;0.45643999999999996;0.52956;0.65589;0.87156;1.26244;1.58122
2016-10-05;0.42822;0.45588999999999996;0.52567;0.65122;0.8679399999999999;1.25578;1.57267
2016-10-04;0.42433000000000004;0.45756;0.52722;0.6501100000000001;0.8643299999999999;1.25139;1.5656700000000001
2016-10-03;0.42267;0.46256;0.52833;0.649;0.8578899999999999;1.24778;1.559
2016-09-30;0.42378000000000005;0.45671999999999996;0.5311100000000001;0.649;0.85367;1.2397200000000002;1.55178
2016-09-29;0.41989;0.44866999999999996;0.52722;0.649;0.8456100000000001;1.2377799999999999;1.55633
2016-09-28;0.42063;0.44788;0.5243800000000001;0.6443800000000001;0.8376899999999999;1.23363;1.55138
2016-09-27;0.42544;0.45256;0.52667;0.65122;0.8537799999999999;1.24194;1.55122
2016-09-26;0.42433000000000004;0.45228;0.52444;0.6501100000000001;0.8529399999999999;1.24444;1.55522
2016-09-23;0.42322;0.45338999999999996;0.52222;0.6570600000000001;0.8529399999999999;1.24472;1.55744
2016-09-22;0.42322;0.45588999999999996;0.52528;0.66056;0.85672;1.24833;1.5613299999999999
2016-09-21;0.42211000000000004;0.45783;0.54633;0.6772199999999999;0.8633299999999999;1.25878;1.5707799999999998
2016-09-20;0.42211000000000004;0.45756;0.54306;0.67478;0.8658899999999999;1.25939;1.56467
2016-09-19;0.42156000000000005;0.45478;0.53617;0.67067;0.86067;1.2565600000000001;1.55578
2016-09-16;0.42044;0.45228;0.53178;0.66878;0.85711;1.2473299999999998;1.5448899999999999
2016-09-15;0.42156000000000005;0.45366999999999996;0.53094;0.66989;0.85656;1.25217;1.55011
2016-09-14;0.42211000000000004;0.44922;0.52956;0.6694399999999999;0.8538899999999999;1.2528299999999999;1.5562200000000002
2016-09-13;0.421;0.44588999999999995;0.52428;0.66722;0.8502799999999999;1.24894;1.554
2016-09-12;0.421;0.44533;0.52772;0.6702199999999999;0.8557799999999999;1.25528;1.56644
2016-09-09;0.42156000000000005;0.44506;0.52689;0.66967;0.8522200000000001;1.25;1.5567799999999998
2016-09-08;0.42211000000000004;0.44522;0.51822;0.66467;0.84544;1.23472;1.54033
2016-09-07;0.42156000000000005;0.44383;0.51322;0.65967;0.8335600000000001;1.23361;1.53922
2016-09-06;0.42044;0.443;0.51656;0.663;0.84067;1.25006;1.5613299999999999
2016-09-05;0.42044;0.44328;0.5193300000000001;0.66189;0.83344;1.2486700000000002;1.56244
2016-09-02;0.42044;0.443;0.52572;0.66189;0.83511;1.24706;1.55944
2016-09-01;0.41611000000000004;0.443;0.52294;0.66522;0.83567;1.25122;1.56556
2016-08-31;0.41944;0.44356;0.52489;0.663;0.8393299999999999;1.2445;1.55711
2016-08-30;0.41944;0.44383;0.52322;0.66356;0.84211;1.2445;1.5593299999999999
2016-08-26;0.41833000000000004;0.44243999999999994;0.5243899999999999;0.65367;0.83344;1.2315;1.53656
2016-08-25;0.41989;0.44217;0.52383;0.65122;0.8293299999999999;1.22428;1.52611
2016-08-24;0.41833000000000004;0.443;0.51994;0.64956;0.82544;1.2234399999999999;1.5265600000000001
2016-08-23;0.41778000000000004;0.44356;0.5243899999999999;0.6551100000000001;0.82544;1.229;1.531
2016-08-22;0.41667;0.44466999999999995;0.52217;0.6473300000000001;0.82544;1.229;1.53294
2016-08-19;0.41556000000000004;0.44272;0.5210600000000001;0.64678;0.81711;1.21456;1.52322
2016-08-18;0.41722;0.44106000000000006;0.51244;0.6392800000000001;0.811;1.21011;1.51544
2016-08-17;0.41722;0.44078;0.5141100000000001;0.63567;0.81128;1.20678;1.5196100000000001
2016-08-16;0.41778000000000004;0.44133;0.50744;0.63183;0.80128;1.19456;1.49822
2016-08-15;0.41889;0.44078;0.50744;0.6320600000000001;0.80411;1.19744;1.50661
2016-08-12;0.4191;0.4427;0.50665;0.63255;0.81825;1.2067;1.5257
2016-08-11;0.4202;0.44345;0.50765;0.6288;0.817;1.20395;1.5195
2016-08-10;0.4197;0.4437;0.51765;0.6328;0.8176;1.2037;1.5245
2016-08-09;0.4188;0.44245;0.51315;0.62955;0.816;1.1962;1.5225
2016-08-08;0.4189;0.4431;0.5119;0.6268;0.8065;1.1852;1.5081
2016-08-05;0.4189;0.44235;0.5039;0.6148;0.79235;1.1607;1.4751
2016-08-04;0.4179;0.4431;0.4984;0.6123;0.7876;1.1582;1.4766
2016-08-03;0.4174;0.4441;0.4969;0.61105;0.7776;1.1442;1.4546
2016-08-02;0.4179;0.4441;0.4939;0.6084;0.7676;1.1272;1.4426
2016-08-01;0.4144;0.4461;0.4939;0.6069;0.7591;1.1147;1.4336
2016-07-29;0.4129;0.4456;0.4959;0.6074;0.7591;1.1117;1.4321
2016-07-28;0.4159;0.4461;0.4939;0.6014;0.7565;1.0922;1.42
2016-07-27;0.4164;0.4386;0.49565;0.60265;0.7515;1.0867;1.4136
2016-07-26;0.4179;0.4391;0.49265;0.6012;0.743;1.0732;1.3986
2016-07-25;0.4179;0.4391;0.4909;0.5945;0.7335;1.0597;1.3859
2016-07-22;0.4179;0.4366;0.4904;0.587;0.721;1.0444;1.3719
2016-07-21;0.4179;0.4371;0.4879;0.581;0.7145;1.0319;1.3589
2016-07-20;0.4174;0.4386;0.4874;0.577;0.7016;1.0202;1.3449
2016-07-19;0.4159;0.439;0.4853;0.5767;0.6971;1.0073;1.3289
2016-07-18;0.4159;0.4385;0.48655;0.57495;0.6956;1.0028;1.3264
2016-07-15;0.4152;0.4378;0.4833;0.5705;0.68785;0.9938;1.30825
2016-07-14;0.4122;0.43655;0.4821;0.56425;0.6791;0.98335;1.298
2016-07-13;0.4127;0.4358;0.48135;0.56325;0.6801;0.9801;1.2934
2016-07-12;0.4122;0.4368;0.47935;0.56275;0.67335;0.966;1.2845
2016-07-11;0.4137;0.4368;0.47785;0.56145;0.6691;0.9514;1.2695
2016-07-08;0.4122;0.4358;0.4758;0.5594;0.6671;0.9374;1.253
2016-07-07;0.4127;0.4378;0.4743;0.55525;0.6646;0.9349;1.2465
2016-07-06;0.4112;0.4383;0.47255;0.55425;0.6611;0.92415;1.2305
2016-07-05;0.4096;0.43545;0.4703;0.55025;0.6571;0.9274;1.23375
2016-07-04;0.4061;0.4362;0.46955;0.55;0.65635;0.92815;1.235
2016-07-01;0.4061;0.43645;0.46755;0.5475;0.65335;0.92365;1.225
2016-06-30;0.4116;0.4402;0.46505;0.549;0.6541;0.92415;1.23025
2016-06-29;0.4051;0.4404;0.46655;0.542;0.6461;0.91365;1.21625
2016-06-28;0.4016;0.43645;0.4603;0.53365;0.6311;0.89815;1.20475
2016-06-27;0.4001;0.43195;0.4588;0.5294;0.6271;0.88685;1.1957
2016-06-24;0.3934;0.42095;0.4493;0.5244;0.6236;0.8941;1.2052
2016-06-23;0.3911;0.4162;0.4533;0.53315;0.6401;0.9289;1.24975
2016-06-22;0.3896;0.41165;0.45205;0.53265;0.6401;0.92965;1.251
2016-06-21;0.3901;0.41545;0.4508;0.5339;0.64185;0.93115;1.2525
2016-06-20;0.3901;0.4121;0.44805;0.5362;0.6465;0.93065;1.2515
2016-06-17;0.3865;0.4102;0.4478;0.53575;0.6444;0.92465;1.24075
2016-06-16;0.3855;0.4075;0.44805;0.53375;0.6466;0.9246;1.2385
2016-06-15;0.385;0.40995;0.44605;0.53815;0.65635;0.9429;1.26525
2016-06-14;0.3855;0.4104;0.4423;0.53805;0.6548;0.9339;1.25325
2016-06-13;0.3855;0.41075;0.44205;0.5372;0.6525;0.9364;1.25925
2016-06-10;0.3861;0.41185;0.44655;0.5397;0.6556;0.94415;1.2735
2016-06-09;0.3856;0.41075;0.44705;0.54015;0.65605;0.9439;1.27425
2016-06-08;0.3876;0.408;0.4453;0.5373;0.658;0.947;1.27835
2016-06-07;0.3865;0.408;0.4458;0.5361;0.6566;0.9489;1.2851
2016-06-06;0.3861;0.40775;0.44705;0.537;0.66065;0.9542;1.2856
2016-06-03;0.3861;0.40915;0.4648;0.5598;0.68215;0.9857;1.3314
2016-06-02;0.3855;0.408;0.46305;0.55575;0.6801;0.9839;1.3324
2016-06-01;0.3855;0.4083;0.46955;0.5646;0.6813;0.9854;1.3284
2016-05-31;0.3865;0.4082;0.46885;0.56815;0.6858;0.9931;1.3374
2016-05-27;0.385;0.407;0.45665;0.55795;0.67305;0.9781;1.3167
2016-05-26;0.3861;0.4061;0.45445;0.55735;0.67405;0.9771;1.3207
2016-05-25;0.3861;0.4055;0.4497;0.5531;0.66655;0.9756;1.3227
2016-05-24;0.385;0.4059;0.4442;0.5461;0.6653;0.96815;1.31235
2016-05-23;0.385;0.4046;0.446;0.5469;0.6623;0.9579;1.303
2016-05-20;0.3845;0.4061;0.44325;0.5439;0.6613;0.9554;1.302
2016-05-19;0.384;0.407;0.443;0.5414;0.6539;0.9571;1.2985
2016-05-18;0.385;0.4035;0.43845;0.5234;0.6356;0.93085;1.26965
2016-05-17;0.386;0.4055;0.4387;0.5209;0.6251;0.9116;1.24235
2016-05-16;0.3855;0.4045;0.4362;0.5194;0.6261;0.9064;1.23265
2016-05-13;0.3855;0.4058;0.43395;0.5164;0.6276;0.9069;1.2289
2016-05-12;0.385;0.4049;0.43445;0.5164;0.6261;0.90665;1.2269
2016-05-11;0.385;0.4034;0.43465;0.5174;0.6266;0.9049;1.22515
2016-05-10;0.3845;0.40415;0.4373;0.519;0.6281;0.9049;1.2244
2016-05-09;0.385;0.40415;0.43865;0.519;0.6296;0.9054;1.22715
2016-05-05;0.385;0.4068;0.43715;0.52065;0.6318;0.9083;1.2303
2016-05-04;0.3858;0.4032;0.4359;0.5219;0.6341;0.9071;1.23005
2016-05-03;0.3857;0.405;0.4359;0.522;0.6329;0.90715;1.2318
2016-04-29;0.3837;0.4055;0.43575;0.523;0.6366;0.90415;1.2295
2016-04-28;0.3827;0.404;0.4388;0.5243;0.6366;0.90465;1.23
2016-04-27;0.3802;0.401;0.4352;0.52425;0.63835;0.9139;1.2441
2016-04-26;0.3807;0.4003;0.4377;0.5225;0.63435;0.9119;1.2426
2016-04-25;0.3812;0.3994;0.43695;0.523;0.63385;0.9104;1.23885
2016-04-22;0.3812;0.399;0.43645;0.523;0.63585;0.90865;1.23635
2016-04-21;0.3817;0.399;0.43885;0.52575;0.6381;0.91315;1.23935
2016-04-20;0.3822;0.399;0.44125;0.5275;0.6351;0.90415;1.2248
2016-04-19;0.3827;0.4021;0.44115;0.5265;0.63485;0.90365;1.2247
2016-04-18;0.3812;0.4011;0.43875;0.5255;0.63435;0.9009;1.2183
2016-04-15;0.3807;0.4015;0.43625;0.52375;0.6331;0.9019;1.22125
2016-04-14;0.3797;0.3975;0.43625;0.52275;0.63285;0.9024;1.2208
2016-04-13;0.3802;0.39725;0.43275;0.51985;0.62835;0.89915;1.21755
2016-04-12;0.3792;0.397;0.43715;0.52075;0.6296;0.89415;1.20905
2016-04-11;0.3792;0.39525;0.4359;0.521;0.62985;0.8964;1.20755
2016-04-08;0.3775;0.395;0.4347;0.5197;0.6308;0.8949;1.20455
2016-04-07;0.3782;0.39625;0.43645;0.5197;0.6288;0.89465;1.20555
2016-04-06;0.3782;0.3935;0.439;0.5225;0.6306;0.8972;1.2116
2016-04-05;0.3777;0.3958;0.4385;0.52305;0.6266;0.8919;1.2053
2016-04-04;0.3794;0.396;0.4402;0.5225;0.6301;0.9041;1.2215
2016-04-01;0.3791;0.3961;0.43735;0.521;0.6291;0.9011;1.2134
2016-03-31;0.3831;0.3961;0.43725;0.51975;0.6286;0.8997;1.2104
2016-03-30;0.3772;0.39685;0.434;0.5155;0.6251;0.8989;1.21415
2016-03-29;0.3755;0.3925;0.4329;0.5194;0.63085;0.9139;1.23865
2016-03-24;0.3745;0.39355;0.435;0.5195;0.6286;0.9109;1.23115
2016-03-23;0.3753;0.39405;0.433;0.521;0.6301;0.9131;1.2374
2016-03-22;0.3743;0.39725;0.4315;0.5197;0.62835;0.9049;1.2244
2016-03-21;0.3743;0.4017;0.4318;0.5192;0.6246;0.89815;1.21365
2016-03-18;0.3743;0.3987;0.4283;0.5142;0.6243;0.8912;1.21145
2016-03-17;0.3748;0.39765;0.4321;0.5154;0.6234;0.8883;1.2022
2016-03-16;0.3743;0.3994;0.4399;0.524;0.639;0.9174;1.2447
2016-03-15;0.3753;0.402;0.44125;0.52495;0.64195;0.9123;1.237
2016-03-14;0.3743;0.4018;0.4413;0.5235;0.63955;0.9104;1.2312
2016-03-11;0.3725;0.3982;0.4362;0.5204;0.63385;0.9055;1.2245
2016-03-10;0.3725;0.3971;0.4381;0.5206;0.63235;0.9005;1.211
2016-03-09;0.372;0.39485;0.438;0.521;0.6346;0.8984;1.209
2016-03-08;0.372;0.3974;0.44185;0.52295;0.63515;0.8977;1.207
2016-03-07;0.372;0.3991;0.4405;0.5255;0.6361;0.90065;1.21225
2016-03-04;0.372;0.3979;0.438;0.52325;0.6335;0.89205;1.194
2016-03-03;0.373;0.3989;0.4405;0.52175;0.6356;0.8949;1.20045
2016-03-02;0.3715;0.3964;0.4376;0.5201;0.63485;0.889;1.1955
2016-03-01;0.3679;0.39275;0.43525;0.5175;0.6316;0.88265;1.179
2016-02-29;0.3715;0.3973;0.4405;0.52175;0.6331;0.8859;1.17875
2016-02-26;0.3745;0.39745;0.4385;0.523;0.6351;0.88065;1.161
2016-02-25;0.3743;0.39405;0.4385;0.521;0.6356;0.88045;1.1602
2016-02-24;0.3715;0.3951;0.4338;0.5206;0.6346;0.8783;1.15475
2016-02-23;0.371;0.3907;0.4358;0.5213;0.6291;0.88105;1.157
2016-02-22;0.371;0.3923;0.4335;0.51975;0.6246;0.88155;1.1585
2016-02-19;0.3709;0.39305;0.4335;0.5172;0.6182;0.8679;1.13975
2016-02-18;0.3714;0.392;0.432;0.51895;0.6182;0.8704;1.142
2016-02-17;0.37;0.3916;0.43005;0.51675;0.6194;0.8666;1.13465
2016-02-16;0.371;0.3905;0.4295;0.51605;0.6182;0.86585;1.13215
2016-02-15;0.3708;0.3934;0.42925;0.5158;0.6182;0.8636;1.12825
2016-02-12;0.3708;0.3912;0.4305;0.51605;0.6182;0.85785;1.1156
2016-02-11;0.3715;0.3952;0.427;0.5128;0.6172;0.85835;1.117
2016-02-10;0.3731;0.3939;0.4265;0.51475;0.6176;0.8655;1.13355
2016-02-09;0.3771;0.3972;0.4285;0.51555;0.6205;0.8659;1.13055
2016-02-08;0.3763;0.3905;0.42925;0.518;0.621;0.8706;1.13995
2016-02-05;0.37;0.3866;0.4289;0.52095;0.6197;0.8672;1.1355
2016-02-04;0.3704;0.3876;0.4277;0.51675;0.6202;0.8649;1.1285
2016-02-03;0.3686;0.3874;0.4285;0.52085;0.6206;0.86265;1.1304
2016-02-02;0.369;0.3925;0.4285;0.5196;0.6192;0.86485;1.13785
2016-02-01;0.366;0.3894;0.427;0.5241;0.6186;0.865;1.14025
2016-01-29;0.3674;0.39385;0.425;0.5206;0.6126;0.86025;1.13975
2016-01-28;0.3684;0.3955;0.4262;0.5234;0.6156;0.86575;1.15105
2016-01-27;0.3659;0.39135;0.428;0.5215;0.6181;0.865;1.15045
2016-01-26;0.3657;0.38975;0.4306;0.5256;0.6211;0.86425;1.1512
2016-01-25;0.366;0.38765;0.4306;0.5223;0.6213;0.8657;1.1529
2016-01-22;0.3659;0.3893;0.4255;0.5185;0.6191;0.865;1.15595
2016-01-21;0.3658;0.3864;0.4265;0.5168;0.6186;0.85775;1.1437
2016-01-20;0.3655;0.3866;0.4253;0.5148;0.6213;0.85325;1.14045
2016-01-19;0.366;0.3875;0.425;0.5138;0.6243;0.85775;1.15045
2016-01-18;0.3661;0.3853;0.426;0.5133;0.6238;0.85325;1.1463
2016-01-15;0.3661;0.3875;0.4255;0.5133;0.6196;0.84905;1.1451
2016-01-14;0.3661;0.3851;0.4255;0.514;0.6211;0.8573;1.1586
2016-01-13;0.3663;0.3859;0.4255;0.5125;0.622;0.8597;1.1631
2016-01-12;0.3661;0.3864;0.4245;0.51505;0.6236;0.8548;1.1561
2016-01-11;0.3661;0.38595;0.424;0.51455;0.6221;0.8513;1.1536
2016-01-08;0.3662;0.38485;0.4238;0.51495;0.6211;0.8508;1.1551
2016-01-07;0.3651;0.3847;0.4235;0.51115;0.61685;0.8448;1.1471
2016-01-06;0.3661;0.38715;0.4235;0.5166;0.6201;0.8513;1.16535
2016-01-05;0.365;0.38625;0.422;0.5148;0.6171;0.8512;1.1731
2016-01-04;0.3658;0.3875;0.4225;0.5104;0.6117;0.84225;1.16925
